MADANHGIA,DIEMPHUCVU,DIEMVITRICHINHANH,DIEMKHONGGIAN,BINHLUAN,KHACHHANGDANHGIA,CHINHANH,NHANVIEN,MADON
DG00000001,5,2,4,,,CN00000003,,DONDAT1352
DG00000002,1,5,5,,KH00000105,CN00000007,,DONDAT0917
DG00000003,5,1,4,,,CN00000008,,
DG00000004,5,4,3,,KH00000362,CN00000004,NV00000113,DONDAT2248
DG00000005,4,4,3,Comment 5,,CN00000006,NV00000110,
DG00000006,3,5,3,Comment 6,,CN00000005,,DONDAT2733
DG00000007,2,3,5,,,CN00000004,,
DG00000008,1,3,4,Comment 8,KH00000224,CN00000008,,DONDAT0391
DG00000009,2,3,1,,KH00000458,CN00000004,NV00000100,DONDAT2279
DG00000010,1,4,5,Comment 10,,CN00000008,NV00000015,
DG00000011,2,2,2,,,CN00000005,NV00000060,
DG00000012,1,4,2,Comment 12,,CN00000007,NV00000007,
DG00000013,3,3,3,Comment 13,,CN00000003,,DONDAT1326
DG00000014,3,5,4,Comment 14,,CN00000002,NV00000031,DONDAT0002
DG00000015,4,3,1,,KH00000060,CN00000003,NV00000063,
DG00000016,1,2,1,Comment 16,KH00000273,CN00000002,,
DG00000017,2,3,1,Comment 17,,CN00000004,NV00000113,DONDAT1268
DG00000018,5,4,5,Comment 18,,CN00000004,NV00000002,
DG00000019,3,1,5,Comment 19,KH00000237,CN00000001,,
DG00000020,5,5,5,,KH00000285,CN00000004,,
DG00000021,4,4,4,,KH00000021,CN00000002,,
DG00000022,3,5,4,,KH00000250,CN00000005,NV00000138,
DG00000023,2,3,2,Comment 23,KH00000210,CN00000007,,
DG00000024,1,2,3,,KH00000286,CN00000010,,
DG00000025,3,2,4,,,CN00000008,,DONDAT2004
DG00000026,3,3,4,,KH00000248,CN00000003,,
DG00000027,1,5,5,Comment 27,KH00000191,CN00000010,NV00000065,
DG00000028,5,2,3,Comment 28,,CN00000008,NV00000172,
DG00000029,1,3,3,Comment 29,KH00000158,CN00000008,,
DG00000030,4,3,3,Comment 30,,CN00000002,,
DG00000031,3,4,2,Comment 31,,CN00000007,NV00000123,DONDAT0992
DG00000032,3,5,5,Comment 32,,CN00000004,NV00000041,DONDAT1912
DG00000033,5,3,2,Comment 33,KH00000202,CN00000007,,
DG00000034,4,1,3,,,CN00000010,,DONDAT1055
DG00000035,5,1,2,Comment 35,KH00000400,CN00000001,,DONDAT2442
DG00000036,1,4,3,Comment 36,,CN00000008,,
DG00000037,2,2,4,,,CN00000009,NV00000135,
DG00000038,5,2,4,Comment 38,KH00000177,CN00000005,,DONDAT2486
DG00000039,4,2,3,Comment 39,,CN00000008,,
DG00000040,3,2,4,,KH00000255,CN00000009,,
DG00000041,4,2,2,Comment 41,KH00000153,CN00000002,NV00000090,
DG00000042,5,1,4,Comment 42,,CN00000004,,DONDAT2698
DG00000043,4,5,4,,,CN00000005,,DONDAT2380
DG00000044,1,1,5,,,CN00000008,NV00000170,DONDAT2556
DG00000045,4,5,1,Comment 45,KH00000246,CN00000004,NV00000148,DONDAT2648
DG00000046,4,5,2,,,CN00000009,NV00000191,DONDAT2629
DG00000047,3,2,4,,,CN00000010,,
DG00000048,3,4,3,,,CN00000005,NV00000183,DONDAT1222
DG00000049,4,2,3,Comment 49,,CN00000004,NV00000100,
DG00000050,5,1,5,Comment 50,,CN00000008,NV00000014,
DG00000051,2,4,2,,,CN00000005,NV00000091,
DG00000052,1,5,5,,KH00000173,CN00000007,NV00000033,
DG00000053,2,4,2,,KH00000127,CN00000003,,DONDAT0725
DG00000054,1,3,2,,KH00000264,CN00000003,NV00000158,DONDAT2897
DG00000055,4,1,5,Comment 55,KH00000112,CN00000002,,DONDAT0976
DG00000056,3,5,4,,KH00000140,CN00000009,,
DG00000057,2,5,5,,,CN00000001,,
DG00000058,5,2,4,Comment 58,,CN00000008,NV00000147,
DG00000059,2,3,4,,,CN00000003,NV00000129,
DG00000060,4,5,4,Comment 60,KH00000173,CN00000004,NV00000092,
DG00000061,1,3,3,Comment 61,,CN00000005,NV00000106,
DG00000062,3,1,2,,KH00000382,CN00000007,NV00000181,DONDAT2906
DG00000063,4,1,5,Comment 63,KH00000343,CN00000004,NV00000093,
DG00000064,3,5,2,Comment 64,,CN00000002,,
DG00000065,3,3,4,,,CN00000006,NV00000189,DONDAT2308
DG00000066,1,1,5,Comment 66,KH00000325,CN00000003,NV00000027,DONDAT0276
DG00000067,5,4,1,,KH00000430,CN00000001,,
DG00000068,5,1,4,,,CN00000002,NV00000180,
DG00000069,2,2,5,Comment 69,,CN00000010,NV00000177,
DG00000070,5,4,4,,,CN00000010,NV00000194,DONDAT2526
DG00000071,2,2,5,Comment 71,,CN00000004,NV00000032,DONDAT1612
DG00000072,2,4,3,,KH00000195,CN00000008,,DONDAT2056
DG00000073,4,3,1,,KH00000343,CN00000009,,
DG00000074,2,1,1,Comment 74,KH00000016,CN00000007,,
DG00000075,2,2,1,Comment 75,KH00000466,CN00000009,NV00000181,
DG00000076,3,4,4,Comment 76,,CN00000007,,DONDAT0595
DG00000077,2,1,3,Comment 77,,CN00000005,NV00000119,
DG00000078,5,2,2,,,CN00000010,NV00000028,
DG00000079,5,3,5,Comment 79,KH00000214,CN00000005,NV00000151,
DG00000080,5,5,1,,,CN00000003,,
DG00000081,3,2,3,Comment 81,,CN00000003,NV00000077,DONDAT1326
DG00000082,4,5,4,,KH00000330,CN00000009,NV00000151,
DG00000083,5,1,2,Comment 83,,CN00000005,NV00000160,DONDAT1305
DG00000084,3,3,3,,,CN00000004,,
DG00000085,5,5,2,Comment 85,,CN00000002,NV00000140,DONDAT0506
DG00000086,5,3,5,Comment 86,KH00000266,CN00000006,,DONDAT0556
DG00000087,3,1,2,Comment 87,KH00000171,CN00000003,,
DG00000088,4,3,1,,,CN00000008,NV00000044,DONDAT2155
DG00000089,2,2,3,,,CN00000009,,DONDAT1286
DG00000090,4,5,4,Comment 90,,CN00000005,NV00000183,
DG00000091,5,1,3,Comment 91,,CN00000010,,
DG00000092,4,2,1,Comment 92,KH00000419,CN00000003,,DONDAT0986
DG00000093,5,2,4,Comment 93,,CN00000002,NV00000015,DONDAT1289
DG00000094,4,4,3,Comment 94,KH00000261,CN00000004,,DONDAT0509
DG00000095,1,3,2,,,CN00000010,NV00000085,DONDAT2899
DG00000096,2,5,2,Comment 96,KH00000053,CN00000002,NV00000025,
DG00000097,3,5,3,Comment 97,KH00000497,CN00000002,,DONDAT1858
DG00000098,5,5,2,,,CN00000009,NV00000107,
DG00000099,2,5,2,Comment 99,KH00000171,CN00000003,NV00000082,DONDAT1078
DG00000100,1,1,2,,KH00000267,CN00000001,,DONDAT1136
DG00000101,1,5,3,,KH00000341,CN00000005,,DONDAT2340
DG00000102,4,3,5,Comment 102,KH00000438,CN00000004,NV00000192,
DG00000103,4,2,3,Comment 103,KH00000252,CN00000003,NV00000124,
DG00000104,4,1,3,Comment 104,KH00000213,CN00000002,NV00000161,
DG00000105,4,4,2,Comment 105,,CN00000010,,DONDAT1369
DG00000106,4,4,1,,,CN00000008,,
DG00000107,2,4,5,,KH00000084,CN00000002,NV00000171,
DG00000108,3,1,4,,KH00000350,CN00000006,NV00000115,
DG00000109,4,3,5,Comment 109,KH00000153,CN00000003,,
DG00000110,5,1,1,Comment 110,KH00000479,CN00000006,NV00000020,DONDAT0834
DG00000111,4,1,3,Comment 111,KH00000459,CN00000005,,DONDAT0029
DG00000112,2,3,2,,,CN00000003,,DONDAT0610
DG00000113,5,1,1,Comment 113,,CN00000010,NV00000074,DONDAT2996
DG00000114,1,5,3,,KH00000331,CN00000002,NV00000045,
DG00000115,1,5,5,,,CN00000010,,
DG00000116,3,2,3,,,CN00000005,,
DG00000117,1,2,3,,,CN00000006,,DONDAT1881
DG00000118,1,4,4,,KH00000051,CN00000007,,
DG00000119,3,1,3,Comment 119,KH00000085,CN00000001,NV00000032,
DG00000120,1,3,5,Comment 120,,CN00000010,,DONDAT1375
DG00000121,4,4,3,Comment 121,KH00000267,CN00000010,NV00000179,
DG00000122,5,4,2,,KH00000119,CN00000006,,DONDAT0735
DG00000123,4,2,5,Comment 123,,CN00000002,,
DG00000124,1,5,1,,,CN00000003,,
DG00000125,3,2,4,Comment 125,,CN00000009,,
DG00000126,4,3,3,Comment 126,,CN00000002,,DONDAT2092
DG00000127,3,4,5,Comment 127,KH00000330,CN00000003,NV00000008,
DG00000128,4,4,2,,,CN00000005,NV00000015,
DG00000129,5,5,3,,KH00000468,CN00000005,,DONDAT0010
DG00000130,4,5,2,,,CN00000004,NV00000061,DONDAT1485
DG00000131,3,4,4,Comment 131,,CN00000008,,DONDAT2491
DG00000132,1,4,2,Comment 132,,CN00000010,NV00000049,
DG00000133,3,2,2,,,CN00000006,NV00000115,DONDAT0695
DG00000134,5,2,3,,KH00000328,CN00000006,NV00000200,
DG00000135,5,1,2,,,CN00000010,,DONDAT1529
DG00000136,3,2,5,Comment 136,KH00000334,CN00000004,,DONDAT2562
DG00000137,2,4,5,Comment 137,KH00000334,CN00000005,,DONDAT1410
DG00000138,4,1,4,,,CN00000007,,DONDAT2224
DG00000139,3,4,5,,,CN00000006,,DONDAT2678
DG00000140,1,4,1,,KH00000127,CN00000004,NV00000062,
DG00000141,3,5,3,Comment 141,,CN00000010,NV00000089,DONDAT2585
DG00000142,2,4,1,,KH00000083,CN00000005,NV00000114,
DG00000143,4,5,5,Comment 143,,CN00000008,NV00000190,DONDAT2834
DG00000144,1,2,1,Comment 144,KH00000395,CN00000008,NV00000069,
DG00000145,4,2,1,Comment 145,,CN00000001,NV00000010,
DG00000146,1,4,1,Comment 146,,CN00000010,NV00000083,
DG00000147,2,1,1,,,CN00000003,,DONDAT0921
DG00000148,5,4,2,,,CN00000006,,DONDAT1826
DG00000149,1,5,2,Comment 149,,CN00000009,NV00000033,DONDAT1013
DG00000150,5,4,2,Comment 150,,CN00000004,NV00000023,
DG00000151,5,2,5,,,CN00000005,,DONDAT1516
DG00000152,3,4,4,Comment 152,,CN00000001,NV00000116,
DG00000153,5,4,2,,KH00000217,CN00000007,,DONDAT0043
DG00000154,1,2,1,Comment 154,KH00000470,CN00000008,NV00000008,DONDAT2387
DG00000155,5,5,3,Comment 155,KH00000123,CN00000010,,DONDAT0368
DG00000156,4,1,5,Comment 156,KH00000057,CN00000005,,
DG00000157,4,3,4,Comment 157,KH00000143,CN00000008,NV00000191,DONDAT1312
DG00000158,5,4,2,,KH00000419,CN00000005,,DONDAT1741
DG00000159,4,3,1,,,CN00000001,,DONDAT0445
DG00000160,5,2,3,Comment 160,KH00000403,CN00000006,NV00000074,
DG00000161,5,1,3,Comment 161,,CN00000002,,
DG00000162,4,4,2,Comment 162,,CN00000001,,
DG00000163,5,1,2,Comment 163,,CN00000006,NV00000135,
DG00000164,3,2,2,,KH00000406,CN00000009,NV00000056,DONDAT2345
DG00000165,4,3,2,Comment 165,KH00000449,CN00000008,,DONDAT2248
DG00000166,5,2,3,Comment 166,KH00000187,CN00000010,NV00000098,DONDAT1666
DG00000167,2,5,3,,KH00000386,CN00000002,,DONDAT1904
DG00000168,3,4,3,,,CN00000009,,DONDAT2351
DG00000169,2,1,4,Comment 169,KH00000090,CN00000006,,DONDAT2573
DG00000170,4,5,1,,KH00000233,CN00000005,,
DG00000171,1,4,3,,KH00000020,CN00000005,NV00000112,DONDAT0558
DG00000172,1,5,5,,,CN00000009,NV00000041,DONDAT0015
DG00000173,1,2,5,,KH00000285,CN00000002,,DONDAT1093
DG00000174,4,2,5,Comment 174,,CN00000002,NV00000173,DONDAT1319
DG00000175,3,3,2,Comment 175,KH00000283,CN00000005,NV00000172,
DG00000176,3,5,3,,,CN00000008,NV00000052,DONDAT1004
DG00000177,4,2,2,,,CN00000001,NV00000187,
DG00000178,3,4,1,Comment 178,KH00000500,CN00000002,NV00000103,DONDAT1699
DG00000179,2,2,5,Comment 179,,CN00000007,,
DG00000180,1,2,2,Comment 180,,CN00000002,NV00000118,
DG00000181,1,2,3,Comment 181,,CN00000007,NV00000187,DONDAT2287
DG00000182,2,5,3,Comment 182,KH00000361,CN00000010,NV00000134,
DG00000183,4,1,3,,,CN00000009,,DONDAT2246
DG00000184,1,2,2,Comment 184,KH00000257,CN00000008,,
DG00000185,4,5,5,Comment 185,,CN00000004,,DONDAT1964
DG00000186,4,1,5,Comment 186,KH00000345,CN00000005,,DONDAT0939
DG00000187,4,2,5,,KH00000440,CN00000010,,DONDAT1511
DG00000188,3,2,3,Comment 188,KH00000064,CN00000004,NV00000038,
DG00000189,5,5,2,,KH00000189,CN00000008,NV00000197,DONDAT0515
DG00000190,5,3,5,,,CN00000005,NV00000115,DONDAT1506
DG00000191,3,4,4,Comment 191,,CN00000007,,
DG00000192,3,5,2,,KH00000336,CN00000001,NV00000164,DONDAT1885
DG00000193,4,4,2,Comment 193,KH00000427,CN00000009,,DONDAT1636
DG00000194,3,4,4,,KH00000406,CN00000004,,
DG00000195,5,3,2,,,CN00000002,NV00000152,
DG00000196,1,4,1,Comment 196,,CN00000003,,
DG00000197,4,2,2,Comment 197,,CN00000008,,DONDAT1897
DG00000198,2,5,1,,KH00000354,CN00000004,,DONDAT2711
DG00000199,3,3,5,,,CN00000005,NV00000056,
DG00000200,1,4,3,Comment 200,,CN00000005,NV00000145,
DG00000201,3,5,1,,,CN00000004,NV00000123,DONDAT0082
DG00000202,5,1,5,,KH00000422,CN00000004,NV00000140,
DG00000203,3,4,1,,,CN00000010,,DONDAT1153
DG00000204,1,2,2,,,CN00000010,NV00000004,
DG00000205,1,5,1,Comment 205,,CN00000009,NV00000151,DONDAT0391
DG00000206,5,1,5,,,CN00000008,NV00000139,DONDAT1386
DG00000207,3,3,1,,KH00000177,CN00000006,,DONDAT0755
DG00000208,5,2,1,,,CN00000008,,
DG00000209,5,5,3,,,CN00000008,NV00000101,DONDAT0045
DG00000210,3,3,5,,KH00000087,CN00000001,NV00000077,DONDAT1478
DG00000211,1,2,2,,KH00000378,CN00000010,NV00000119,
DG00000212,2,1,2,Comment 212,,CN00000008,NV00000174,
DG00000213,2,5,1,Comment 213,,CN00000010,NV00000004,
DG00000214,3,1,3,Comment 214,KH00000144,CN00000008,NV00000066,
DG00000215,4,2,1,,KH00000498,CN00000006,,DONDAT2676
DG00000216,2,1,5,,,CN00000009,,
DG00000217,5,4,4,,,CN00000008,NV00000197,
DG00000218,3,1,1,,,CN00000009,,DONDAT0187
DG00000219,5,5,1,,,CN00000005,NV00000106,DONDAT1307
DG00000220,3,5,4,Comment 220,KH00000183,CN00000004,NV00000176,DONDAT1559
DG00000221,3,1,2,Comment 221,KH00000233,CN00000001,NV00000153,DONDAT0885
DG00000222,4,3,4,,,CN00000006,,
DG00000223,5,4,4,,,CN00000008,NV00000148,
DG00000224,3,3,1,,KH00000090,CN00000004,NV00000044,
DG00000225,5,5,2,,KH00000264,CN00000008,NV00000140,DONDAT1540
DG00000226,1,5,1,Comment 226,,CN00000005,NV00000003,
DG00000227,5,5,2,,KH00000104,CN00000009,,
DG00000228,1,3,4,Comment 228,KH00000169,CN00000008,NV00000039,
DG00000229,5,1,1,Comment 229,KH00000445,CN00000007,,DONDAT2966
DG00000230,4,3,5,,KH00000322,CN00000010,NV00000192,
DG00000231,1,2,5,Comment 231,,CN00000008,NV00000021,
DG00000232,1,1,4,,,CN00000007,,
DG00000233,2,3,2,Comment 233,KH00000400,CN00000005,NV00000132,
DG00000234,3,4,2,Comment 234,,CN00000003,,
DG00000235,1,3,2,Comment 235,KH00000133,CN00000009,NV00000172,DONDAT2144
DG00000236,2,1,2,Comment 236,,CN00000002,NV00000097,
DG00000237,2,3,2,Comment 237,KH00000135,CN00000006,NV00000134,DONDAT2142
DG00000238,1,1,3,,KH00000014,CN00000003,,DONDAT2687
DG00000239,2,2,3,Comment 239,KH00000056,CN00000002,NV00000150,DONDAT2183
DG00000240,2,1,3,,,CN00000005,,DONDAT2833
DG00000241,4,1,4,Comment 241,,CN00000008,NV00000070,DONDAT0700
DG00000242,1,3,1,,,CN00000008,,
DG00000243,1,4,4,,KH00000235,CN00000002,NV00000017,DONDAT1881
DG00000244,4,2,2,Comment 244,KH00000234,CN00000002,,DONDAT1362
DG00000245,4,5,2,Comment 245,,CN00000001,NV00000003,DONDAT2362
DG00000246,3,3,3,,,CN00000002,,
DG00000247,5,5,5,,,CN00000003,NV00000025,DONDAT0572
DG00000248,2,2,1,,KH00000235,CN00000009,NV00000187,DONDAT0875
DG00000249,4,5,5,Comment 249,KH00000034,CN00000009,NV00000105,
DG00000250,2,5,2,,,CN00000005,,
DG00000251,2,2,1,,KH00000341,CN00000005,,DONDAT0878
DG00000252,2,1,2,,KH00000049,CN00000010,NV00000167,
DG00000253,5,3,1,,,CN00000003,NV00000012,
DG00000254,5,3,4,,,CN00000004,NV00000052,DONDAT0240
DG00000255,5,2,2,,KH00000489,CN00000006,,DONDAT0069
DG00000256,4,5,4,Comment 256,KH00000321,CN00000007,NV00000121,DONDAT2781
DG00000257,5,4,4,,,CN00000010,,
DG00000258,5,1,3,,KH00000146,CN00000005,NV00000010,DONDAT1584
DG00000259,1,2,1,Comment 259,,CN00000010,NV00000043,DONDAT0595
DG00000260,4,5,5,Comment 260,KH00000144,CN00000006,,DONDAT0621
DG00000261,2,3,4,,,CN00000005,,
DG00000262,2,2,3,Comment 262,KH00000377,CN00000009,NV00000197,
DG00000263,2,4,5,,,CN00000008,,
DG00000264,1,3,3,,KH00000116,CN00000009,NV00000034,DONDAT0786
DG00000265,1,2,2,,KH00000388,CN00000003,NV00000075,
DG00000266,1,1,4,,KH00000066,CN00000004,,DONDAT2074
DG00000267,4,2,4,,,CN00000010,,
DG00000268,3,2,5,,KH00000108,CN00000009,,DONDAT1275
DG00000269,1,3,5,,,CN00000006,,
DG00000270,2,2,4,Comment 270,KH00000344,CN00000004,NV00000099,
DG00000271,2,3,4,,KH00000496,CN00000009,NV00000032,
DG00000272,2,2,2,Comment 272,,CN00000001,NV00000155,DONDAT2599
DG00000273,3,5,1,,,CN00000007,,DONDAT2754
DG00000274,3,2,4,Comment 274,KH00000432,CN00000010,NV00000045,
DG00000275,5,4,2,,KH00000270,CN00000005,NV00000088,
DG00000276,2,1,5,Comment 276,,CN00000005,NV00000187,DONDAT1439
DG00000277,1,2,5,,KH00000115,CN00000003,NV00000132,
DG00000278,1,5,3,,KH00000379,CN00000008,,
DG00000279,1,4,4,Comment 279,KH00000291,CN00000003,NV00000137,DONDAT0923
DG00000280,4,3,1,,KH00000272,CN00000006,,
DG00000281,3,2,5,Comment 281,KH00000118,CN00000006,NV00000168,
DG00000282,2,2,1,Comment 282,KH00000050,CN00000004,,DONDAT1601
DG00000283,5,4,2,,KH00000085,CN00000004,,DONDAT0204
DG00000284,4,5,4,Comment 284,,CN00000004,,DONDAT0430
DG00000285,5,4,3,Comment 285,,CN00000009,,
DG00000286,3,2,4,Comment 286,KH00000010,CN00000004,NV00000014,DONDAT0084
DG00000287,1,1,2,Comment 287,,CN00000006,,DONDAT1965
DG00000288,4,5,5,Comment 288,,CN00000001,,DONDAT1979
DG00000289,4,3,4,,KH00000121,CN00000007,,
DG00000290,4,5,5,,,CN00000009,,
DG00000291,1,1,3,Comment 291,,CN00000010,,DONDAT2290
DG00000292,2,3,3,,,CN00000010,,DONDAT2592
DG00000293,2,1,4,,KH00000370,CN00000001,,DONDAT0835
DG00000294,3,2,5,,,CN00000003,NV00000117,
DG00000295,1,2,5,Comment 295,KH00000479,CN00000004,NV00000191,DONDAT0482
DG00000296,2,2,5,Comment 296,,CN00000010,NV00000151,
DG00000297,1,4,5,,KH00000355,CN00000010,NV00000175,
DG00000298,5,3,5,Comment 298,KH00000460,CN00000005,,
DG00000299,5,4,2,Comment 299,,CN00000002,,
DG00000300,5,4,3,,,CN00000009,NV00000064,DONDAT2340
DG00000301,3,4,3,,KH00000431,CN00000002,NV00000011,DONDAT2338
DG00000302,5,1,5,Comment 302,,CN00000010,,
DG00000303,1,5,3,,,CN00000002,NV00000047,
DG00000304,4,2,1,,KH00000211,CN00000010,NV00000126,
DG00000305,5,5,1,,KH00000179,CN00000006,,DONDAT0187
DG00000306,1,1,4,,KH00000048,CN00000008,,DONDAT1733
DG00000307,1,3,3,Comment 307,KH00000491,CN00000010,,DONDAT2980
DG00000308,1,4,2,Comment 308,KH00000082,CN00000007,NV00000084,
DG00000309,1,5,4,Comment 309,,CN00000001,,
DG00000310,4,3,3,Comment 310,KH00000192,CN00000003,,
DG00000311,3,4,4,,,CN00000003,,DONDAT1920
DG00000312,2,3,1,,KH00000165,CN00000004,,
DG00000313,3,1,3,Comment 313,,CN00000007,NV00000118,
DG00000314,2,1,3,Comment 314,KH00000142,CN00000007,NV00000050,DONDAT2504
DG00000315,2,2,3,,KH00000398,CN00000002,,DONDAT0808
DG00000316,2,5,1,,KH00000085,CN00000006,,
DG00000317,4,3,2,Comment 317,,CN00000003,NV00000140,
DG00000318,3,2,3,,,CN00000002,,
DG00000319,4,2,5,Comment 319,,CN00000002,NV00000114,
DG00000320,5,4,4,Comment 320,,CN00000008,,DONDAT0132
DG00000321,4,2,2,,,CN00000006,NV00000051,
DG00000322,5,2,2,Comment 322,KH00000226,CN00000001,,DONDAT2865
DG00000323,5,5,1,,,CN00000006,,
DG00000324,5,1,1,Comment 324,,CN00000007,,DONDAT0284
DG00000325,1,5,2,,KH00000071,CN00000009,NV00000091,DONDAT2877
DG00000326,3,1,5,,KH00000324,CN00000004,NV00000084,DONDAT1283
DG00000327,5,3,5,Comment 327,,CN00000003,NV00000095,
DG00000328,2,2,1,,,CN00000002,,DONDAT0793
DG00000329,4,5,5,Comment 329,,CN00000001,NV00000122,DONDAT2012
DG00000330,3,4,4,Comment 330,KH00000316,CN00000008,,
DG00000331,3,3,2,,KH00000408,CN00000006,,DONDAT0951
DG00000332,2,1,5,,,CN00000003,NV00000180,DONDAT2937
DG00000333,3,2,3,,,CN00000002,,DONDAT1385
DG00000334,4,1,1,,KH00000459,CN00000002,,
DG00000335,5,3,1,Comment 335,KH00000233,CN00000004,,DONDAT1277
DG00000336,4,1,2,Comment 336,,CN00000007,,DONDAT2712
DG00000337,2,4,5,,,CN00000005,,
DG00000338,1,1,5,,,CN00000004,NV00000123,DONDAT2151
DG00000339,5,4,1,,KH00000464,CN00000002,NV00000116,DONDAT2776
DG00000340,2,4,2,Comment 340,KH00000177,CN00000001,,
DG00000341,5,4,5,,,CN00000006,NV00000080,
DG00000342,5,2,3,,,CN00000003,NV00000193,DONDAT0758
DG00000343,4,5,3,,,CN00000007,,
DG00000344,4,3,3,Comment 344,KH00000008,CN00000004,,DONDAT0757
DG00000345,4,4,1,,KH00000068,CN00000001,NV00000036,DONDAT0253
DG00000346,2,5,5,,KH00000139,CN00000008,,
DG00000347,2,1,2,,,CN00000004,,DONDAT2683
DG00000348,1,1,2,Comment 348,,CN00000003,,
DG00000349,5,1,3,,,CN00000009,,
DG00000350,2,3,1,Comment 350,KH00000250,CN00000007,NV00000098,DONDAT1438
DG00000351,4,3,3,Comment 351,KH00000488,CN00000004,,
DG00000352,3,1,1,,KH00000395,CN00000001,,
DG00000353,3,4,5,,KH00000484,CN00000008,NV00000050,
DG00000354,2,2,5,,KH00000342,CN00000005,,
DG00000355,5,4,5,,,CN00000008,,DONDAT2051
DG00000356,3,3,4,,,CN00000006,NV00000181,
DG00000357,1,4,1,Comment 357,,CN00000001,NV00000172,DONDAT1270
DG00000358,2,5,1,,,CN00000001,,DONDAT2995
DG00000359,2,2,3,Comment 359,KH00000128,CN00000002,,DONDAT2186
DG00000360,5,1,3,Comment 360,KH00000020,CN00000006,,DONDAT2983
DG00000361,5,3,3,Comment 361,KH00000341,CN00000009,,
DG00000362,4,5,4,,,CN00000009,NV00000065,
DG00000363,2,2,5,,KH00000398,CN00000008,NV00000087,DONDAT2372
DG00000364,5,2,5,,KH00000484,CN00000006,,
DG00000365,3,1,1,Comment 365,KH00000002,CN00000003,,DONDAT2616
DG00000366,4,1,5,Comment 366,,CN00000003,NV00000173,DONDAT0055
DG00000367,5,5,2,,KH00000130,CN00000004,NV00000095,
DG00000368,2,3,3,Comment 368,KH00000243,CN00000009,,DONDAT0510
DG00000369,4,2,3,Comment 369,KH00000184,CN00000009,,DONDAT1196
DG00000370,4,2,2,Comment 370,KH00000237,CN00000003,,DONDAT0889
DG00000371,2,5,3,Comment 371,KH00000356,CN00000009,NV00000050,DONDAT0789
DG00000372,3,5,2,,KH00000489,CN00000004,,
DG00000373,5,1,3,Comment 373,KH00000314,CN00000004,,DONDAT2872
DG00000374,3,3,1,Comment 374,KH00000074,CN00000009,NV00000042,DONDAT2817
DG00000375,2,1,5,Comment 375,,CN00000008,NV00000007,
DG00000376,5,2,2,,KH00000379,CN00000002,NV00000116,DONDAT1393
DG00000377,5,5,1,Comment 377,,CN00000008,,
DG00000378,5,1,3,,,CN00000001,,
DG00000379,3,4,4,Comment 379,KH00000286,CN00000001,NV00000147,
DG00000380,1,5,2,Comment 380,KH00000356,CN00000004,,
DG00000381,1,3,5,,KH00000098,CN00000008,NV00000019,DONDAT2623
DG00000382,5,2,1,Comment 382,KH00000265,CN00000003,,
DG00000383,5,1,3,,,CN00000010,,DONDAT2279
DG00000384,4,1,4,Comment 384,KH00000268,CN00000001,NV00000181,
DG00000385,2,2,3,Comment 385,KH00000411,CN00000002,,DONDAT1932
DG00000386,3,4,5,,KH00000262,CN00000007,,
DG00000387,4,3,4,Comment 387,,CN00000001,,DONDAT2863
DG00000388,3,2,2,Comment 388,,CN00000004,,
DG00000389,5,3,5,Comment 389,KH00000208,CN00000001,,DONDAT0160
DG00000390,1,1,5,Comment 390,KH00000245,CN00000001,,
DG00000391,1,2,4,Comment 391,KH00000272,CN00000005,NV00000127,
DG00000392,5,1,3,,,CN00000008,,DONDAT1220
DG00000393,3,4,1,,KH00000255,CN00000002,NV00000104,DONDAT1121
DG00000394,2,2,2,Comment 394,KH00000226,CN00000005,,
DG00000395,3,3,1,Comment 395,KH00000258,CN00000006,,DONDAT1163
DG00000396,5,5,4,Comment 396,,CN00000007,NV00000124,
DG00000397,1,4,5,Comment 397,,CN00000001,,
DG00000398,2,1,4,Comment 398,,CN00000005,,DONDAT1713
DG00000399,5,5,1,Comment 399,,CN00000005,NV00000151,DONDAT0071
DG00000400,5,1,4,,KH00000240,CN00000010,,
DG00000401,1,4,3,,KH00000052,CN00000007,NV00000181,
DG00000402,4,2,1,,,CN00000002,,
DG00000403,2,3,2,Comment 403,,CN00000008,NV00000118,DONDAT2184
DG00000404,5,4,5,,,CN00000010,NV00000101,
DG00000405,2,1,3,Comment 405,KH00000102,CN00000003,,
DG00000406,3,4,2,Comment 406,KH00000101,CN00000007,,
DG00000407,2,3,5,,,CN00000006,NV00000172,DONDAT0716
DG00000408,5,5,3,,KH00000193,CN00000005,,DONDAT0125
DG00000409,4,4,4,,KH00000481,CN00000007,NV00000105,
DG00000410,2,2,5,,KH00000270,CN00000003,NV00000177,
DG00000411,5,1,2,Comment 411,KH00000225,CN00000009,NV00000004,
DG00000412,5,2,3,,KH00000182,CN00000009,NV00000177,DONDAT1758
DG00000413,5,5,3,Comment 413,,CN00000001,NV00000064,
DG00000414,3,4,3,Comment 414,,CN00000001,NV00000181,DONDAT1342
DG00000415,3,3,3,Comment 415,KH00000360,CN00000002,,DONDAT0026
DG00000416,5,4,4,Comment 416,,CN00000001,,DONDAT2132
DG00000417,4,2,1,Comment 417,KH00000309,CN00000002,NV00000088,DONDAT0038
DG00000418,3,2,3,,KH00000182,CN00000010,,DONDAT1946
DG00000419,3,3,2,,,CN00000007,,
DG00000420,3,3,4,,,CN00000009,NV00000148,DONDAT2361
DG00000421,5,2,3,,,CN00000004,,DONDAT2184
DG00000422,4,4,4,,KH00000455,CN00000005,NV00000143,
DG00000423,2,4,4,,KH00000403,CN00000004,,DONDAT1501
DG00000424,2,4,4,,KH00000286,CN00000005,NV00000100,
DG00000425,4,2,3,Comment 425,,CN00000010,NV00000194,
DG00000426,2,5,5,Comment 426,KH00000012,CN00000007,,DONDAT2821
DG00000427,1,3,3,Comment 427,KH00000207,CN00000002,,DONDAT0283
DG00000428,4,1,4,Comment 428,KH00000193,CN00000003,NV00000123,
DG00000429,5,2,2,Comment 429,KH00000447,CN00000005,,DONDAT2150
DG00000430,5,4,4,,KH00000207,CN00000001,NV00000141,
DG00000431,4,5,2,Comment 431,,CN00000002,,
DG00000432,2,4,1,,KH00000092,CN00000001,NV00000038,
DG00000433,3,4,1,,KH00000348,CN00000002,,DONDAT0629
DG00000434,1,3,2,,KH00000298,CN00000010,NV00000130,DONDAT2894
DG00000435,1,5,4,Comment 435,,CN00000009,NV00000024,
DG00000436,5,4,1,,,CN00000005,NV00000039,
DG00000437,5,1,5,,,CN00000003,NV00000123,DONDAT1671
DG00000438,4,5,4,Comment 438,KH00000388,CN00000009,NV00000082,
DG00000439,2,4,4,Comment 439,KH00000121,CN00000010,NV00000131,
DG00000440,2,4,4,Comment 440,KH00000066,CN00000005,,
DG00000441,5,2,5,Comment 441,KH00000290,CN00000005,NV00000118,
DG00000442,5,2,3,,KH00000372,CN00000004,,
DG00000443,2,1,2,,KH00000304,CN00000010,,
DG00000444,5,1,5,,KH00000375,CN00000004,,DONDAT1353
DG00000445,3,2,1,,KH00000109,CN00000008,NV00000099,
DG00000446,2,5,1,Comment 446,KH00000492,CN00000002,NV00000029,
DG00000447,3,4,2,,,CN00000006,,DONDAT0343
DG00000448,3,3,2,,,CN00000006,,DONDAT2246
DG00000449,1,2,3,,KH00000439,CN00000005,,
DG00000450,2,3,1,Comment 450,KH00000217,CN00000003,NV00000128,DONDAT2062
DG00000451,4,5,5,Comment 451,,CN00000008,,
DG00000452,5,1,3,Comment 452,KH00000096,CN00000006,,DONDAT0683
DG00000453,2,1,5,,KH00000265,CN00000005,,
DG00000454,3,3,3,,KH00000291,CN00000001,,DONDAT1086
DG00000455,2,1,1,Comment 455,KH00000349,CN00000002,NV00000190,
DG00000456,5,2,4,,,CN00000004,,
DG00000457,4,3,3,,,CN00000005,NV00000159,DONDAT1302
DG00000458,2,1,2,,,CN00000005,NV00000070,
DG00000459,1,4,4,,,CN00000003,,DONDAT1734
DG00000460,1,2,1,Comment 460,,CN00000003,,
DG00000461,4,2,4,Comment 461,KH00000220,CN00000009,NV00000025,DONDAT2259
DG00000462,3,4,1,,,CN00000007,,
DG00000463,3,5,4,Comment 463,KH00000180,CN00000004,,DONDAT2103
DG00000464,2,3,1,Comment 464,KH00000135,CN00000001,,DONDAT1896
DG00000465,5,2,2,,,CN00000005,,
DG00000466,3,4,5,Comment 466,KH00000463,CN00000008,NV00000176,DONDAT1268
DG00000467,5,4,3,Comment 467,KH00000063,CN00000003,,
DG00000468,5,3,4,,,CN00000005,NV00000160,
DG00000469,1,1,4,,,CN00000002,NV00000096,DONDAT2341
DG00000470,3,2,1,,KH00000319,CN00000009,,
DG00000471,1,2,2,,KH00000318,CN00000002,,DONDAT0853
DG00000472,1,1,2,,,CN00000009,,DONDAT1431
DG00000473,1,5,3,Comment 473,,CN00000009,,
DG00000474,1,1,1,Comment 474,,CN00000005,NV00000065,
DG00000475,3,3,1,Comment 475,,CN00000004,NV00000133,DONDAT2272
DG00000476,3,4,4,,,CN00000010,NV00000188,DONDAT1486
DG00000477,1,5,4,,,CN00000006,,DONDAT2040
DG00000478,1,5,3,Comment 478,,CN00000003,NV00000130,
DG00000479,2,4,2,Comment 479,,CN00000005,,
DG00000480,1,1,3,,KH00000140,CN00000003,,DONDAT2377
DG00000481,3,4,1,,KH00000252,CN00000010,NV00000037,DONDAT2273
DG00000482,1,3,3,,KH00000199,CN00000004,,
DG00000483,3,3,3,,,CN00000005,,
DG00000484,1,2,3,Comment 484,,CN00000009,NV00000104,DONDAT0823
DG00000485,2,4,5,Comment 485,,CN00000002,NV00000093,DONDAT1855
DG00000486,3,1,1,Comment 486,KH00000458,CN00000002,NV00000152,
DG00000487,1,2,4,,,CN00000007,NV00000173,DONDAT0987
DG00000488,4,1,4,,KH00000044,CN00000007,NV00000089,DONDAT1787
DG00000489,1,5,3,Comment 489,,CN00000010,,DONDAT2095
DG00000490,2,4,4,Comment 490,,CN00000009,NV00000111,
DG00000491,1,2,4,,,CN00000007,NV00000174,DONDAT1880
DG00000492,1,4,3,Comment 492,,CN00000005,,DONDAT2805
DG00000493,4,2,5,,KH00000450,CN00000008,NV00000097,DONDAT1894
DG00000494,3,3,1,Comment 494,,CN00000004,,DONDAT2132
DG00000495,2,4,2,Comment 495,,CN00000007,,DONDAT2550
DG00000496,1,4,3,,,CN00000001,,DONDAT2360
DG00000497,3,2,4,Comment 497,KH00000030,CN00000009,,
DG00000498,3,3,1,Comment 498,KH00000195,CN00000008,,DONDAT2742
DG00000499,4,1,2,,,CN00000001,,
DG00000500,5,4,5,,KH00000222,CN00000009,,
DG00000501,1,2,1,,KH00000038,CN00000001,,
DG00000502,4,2,3,Comment 502,,CN00000009,NV00000173,
DG00000503,1,4,2,,KH00000300,CN00000009,NV00000049,
DG00000504,4,5,3,Comment 504,,CN00000010,NV00000048,DONDAT1188
DG00000505,3,1,4,Comment 505,,CN00000009,NV00000129,
DG00000506,3,5,4,,KH00000474,CN00000002,,
DG00000507,4,5,2,Comment 507,,CN00000008,,DONDAT0796
DG00000508,4,1,3,,,CN00000010,NV00000058,
DG00000509,3,5,3,Comment 509,KH00000410,CN00000009,NV00000193,DONDAT0962
DG00000510,5,2,5,Comment 510,,CN00000010,NV00000120,
DG00000511,5,5,5,Comment 511,,CN00000010,,
DG00000512,5,1,5,Comment 512,,CN00000004,NV00000042,DONDAT1334
DG00000513,1,4,1,,,CN00000002,,DONDAT0349
DG00000514,3,1,1,Comment 514,,CN00000008,,
DG00000515,5,5,1,,KH00000121,CN00000002,,DONDAT2903
DG00000516,3,1,1,Comment 516,KH00000056,CN00000002,NV00000078,
DG00000517,3,4,4,Comment 517,,CN00000010,,DONDAT2360
DG00000518,3,1,1,Comment 518,KH00000198,CN00000005,NV00000175,
DG00000519,5,5,2,Comment 519,,CN00000004,NV00000044,DONDAT0998
DG00000520,2,1,5,Comment 520,KH00000218,CN00000007,,DONDAT0980
DG00000521,4,3,3,Comment 521,KH00000374,CN00000009,,
DG00000522,4,2,2,,KH00000249,CN00000005,NV00000070,
DG00000523,3,4,1,Comment 523,KH00000311,CN00000002,NV00000199,
DG00000524,2,4,2,Comment 524,KH00000155,CN00000001,,DONDAT2235
DG00000525,3,1,1,Comment 525,KH00000297,CN00000001,NV00000108,DONDAT2960
DG00000526,1,2,5,,,CN00000008,,DONDAT0861
DG00000527,1,3,4,Comment 527,KH00000430,CN00000009,NV00000200,
DG00000528,5,1,2,,,CN00000004,,
DG00000529,2,1,4,Comment 529,,CN00000004,,
DG00000530,5,1,5,,,CN00000010,NV00000115,DONDAT0992
DG00000531,3,3,3,Comment 531,,CN00000007,,
DG00000532,2,5,3,Comment 532,KH00000119,CN00000009,NV00000028,
DG00000533,3,3,2,,,CN00000003,NV00000192,DONDAT1802
DG00000534,4,2,4,Comment 534,KH00000265,CN00000004,,DONDAT2451
DG00000535,4,2,4,,KH00000484,CN00000006,NV00000127,DONDAT2494
DG00000536,3,5,1,Comment 536,KH00000326,CN00000005,NV00000133,
DG00000537,5,4,2,Comment 537,,CN00000004,NV00000198,DONDAT1476
DG00000538,1,4,3,,,CN00000001,NV00000161,
DG00000539,1,1,5,,,CN00000002,,DONDAT2387
DG00000540,3,3,2,Comment 540,,CN00000005,,DONDAT1222
DG00000541,2,1,3,Comment 541,,CN00000003,NV00000027,DONDAT1890
DG00000542,3,1,2,Comment 542,KH00000480,CN00000006,NV00000128,
DG00000543,1,5,1,,KH00000345,CN00000005,,
DG00000544,4,1,5,,,CN00000004,NV00000176,DONDAT1212
DG00000545,4,3,5,,KH00000152,CN00000007,,
DG00000546,4,5,4,,KH00000382,CN00000008,,DONDAT0176
DG00000547,2,2,2,Comment 547,KH00000075,CN00000008,NV00000126,DONDAT2494
DG00000548,2,2,5,Comment 548,,CN00000001,,DONDAT0384
DG00000549,3,1,1,,KH00000400,CN00000007,,DONDAT2410
DG00000550,4,4,2,Comment 550,,CN00000007,,DONDAT2721
DG00000551,3,1,2,Comment 551,,CN00000002,NV00000147,
DG00000552,1,1,4,Comment 552,,CN00000003,NV00000138,
DG00000553,3,5,5,,,CN00000004,NV00000172,
DG00000554,2,1,2,,KH00000439,CN00000004,NV00000185,
DG00000555,1,1,1,Comment 555,,CN00000001,,DONDAT1736
DG00000556,3,3,3,,,CN00000008,,DONDAT1318
DG00000557,3,4,5,Comment 557,,CN00000001,NV00000067,DONDAT0310
DG00000558,2,3,4,Comment 558,KH00000024,CN00000005,NV00000105,DONDAT1068
DG00000559,4,4,1,Comment 559,KH00000352,CN00000001,,DONDAT0663
DG00000560,4,2,3,Comment 560,,CN00000002,,
DG00000561,4,5,1,,KH00000237,CN00000006,,
DG00000562,5,2,4,Comment 562,KH00000345,CN00000002,,
DG00000563,2,1,3,Comment 563,KH00000364,CN00000001,,DONDAT1739
DG00000564,5,4,5,,KH00000186,CN00000002,,DONDAT2621
DG00000565,3,3,4,,,CN00000010,,
DG00000566,3,2,1,Comment 566,,CN00000009,,DONDAT2060
DG00000567,3,3,2,Comment 567,,CN00000009,,DONDAT0569
DG00000568,5,2,2,Comment 568,KH00000255,CN00000006,,
DG00000569,1,3,5,,,CN00000005,,DONDAT2953
DG00000570,2,1,1,,KH00000028,CN00000004,NV00000161,
DG00000571,1,2,1,Comment 571,,CN00000003,NV00000146,DONDAT1155
DG00000572,3,4,2,,,CN00000005,NV00000130,
DG00000573,4,5,2,,,CN00000010,,
DG00000574,4,2,5,,,CN00000006,,DONDAT1158
DG00000575,5,1,4,Comment 575,KH00000478,CN00000003,,DONDAT0886
DG00000576,3,1,4,,,CN00000001,NV00000082,DONDAT2637
DG00000577,1,2,5,Comment 577,,CN00000010,,
DG00000578,4,5,1,,,CN00000005,,
DG00000579,3,5,1,,KH00000453,CN00000010,,
DG00000580,2,5,3,Comment 580,KH00000127,CN00000002,,DONDAT2485
DG00000581,1,1,3,Comment 581,,CN00000003,NV00000014,
DG00000582,2,4,2,Comment 582,,CN00000006,,
DG00000583,4,1,1,Comment 583,,CN00000009,NV00000119,
DG00000584,2,5,5,,,CN00000001,NV00000066,
DG00000585,1,3,3,,,CN00000010,,
DG00000586,2,2,3,Comment 586,,CN00000007,NV00000019,
DG00000587,5,1,1,Comment 587,,CN00000001,,
DG00000588,5,4,2,,KH00000442,CN00000008,NV00000025,
DG00000589,1,2,3,Comment 589,KH00000345,CN00000002,NV00000119,
DG00000590,2,5,5,Comment 590,,CN00000005,,DONDAT2399
DG00000591,3,3,1,Comment 591,,CN00000001,,DONDAT0835
DG00000592,1,3,5,Comment 592,,CN00000003,NV00000095,
DG00000593,4,2,2,Comment 593,KH00000461,CN00000009,NV00000185,
DG00000594,2,2,2,,,CN00000008,NV00000012,
DG00000595,4,5,2,Comment 595,KH00000460,CN00000005,,
DG00000596,3,1,4,Comment 596,,CN00000006,NV00000065,
DG00000597,1,2,2,Comment 597,,CN00000004,NV00000086,
DG00000598,2,2,2,,,CN00000002,,
DG00000599,5,4,1,Comment 599,KH00000450,CN00000009,,DONDAT1734
DG00000600,1,3,2,Comment 600,KH00000361,CN00000001,NV00000118,
DG00000601,4,3,1,Comment 601,,CN00000005,,DONDAT0180
DG00000602,2,5,1,Comment 602,KH00000213,CN00000003,,
DG00000603,3,3,4,Comment 603,,CN00000004,NV00000069,
DG00000604,4,2,5,,,CN00000007,NV00000177,DONDAT1620
DG00000605,4,4,2,Comment 605,KH00000267,CN00000005,,
DG00000606,1,1,5,,KH00000082,CN00000008,NV00000196,
DG00000607,2,5,3,,,CN00000008,,DONDAT2505
DG00000608,2,4,2,Comment 608,,CN00000001,,DONDAT2220
DG00000609,4,3,2,Comment 609,KH00000022,CN00000003,,
DG00000610,1,3,3,Comment 610,,CN00000001,,DONDAT0989
DG00000611,1,3,4,,KH00000429,CN00000004,NV00000028,
DG00000612,1,1,4,,KH00000237,CN00000005,,DONDAT2423
DG00000613,2,5,5,,,CN00000007,,
DG00000614,5,3,3,Comment 614,KH00000074,CN00000008,,
DG00000615,3,5,2,,KH00000177,CN00000004,NV00000109,
DG00000616,1,5,2,,,CN00000009,,
DG00000617,2,3,5,Comment 617,KH00000316,CN00000008,,DONDAT2493
DG00000618,3,2,2,Comment 618,KH00000303,CN00000003,NV00000088,DONDAT2512
DG00000619,5,3,5,,KH00000355,CN00000007,NV00000147,DONDAT1420
DG00000620,5,1,3,Comment 620,KH00000251,CN00000003,NV00000186,DONDAT1157
DG00000621,1,4,1,Comment 621,,CN00000001,,DONDAT1224
DG00000622,2,5,1,Comment 622,,CN00000007,,DONDAT2350
DG00000623,1,5,5,,,CN00000008,NV00000079,DONDAT0112
DG00000624,3,4,1,,KH00000105,CN00000010,NV00000172,
DG00000625,4,1,1,Comment 625,KH00000271,CN00000002,NV00000026,
DG00000626,2,1,5,Comment 626,,CN00000009,,
DG00000627,3,1,5,Comment 627,,CN00000010,,DONDAT2476
DG00000628,2,4,2,Comment 628,,CN00000007,NV00000091,
DG00000629,4,5,3,,,CN00000010,NV00000082,DONDAT1053
DG00000630,2,1,1,Comment 630,KH00000223,CN00000010,NV00000025,DONDAT2586
DG00000631,5,5,2,,,CN00000010,,DONDAT1972
DG00000632,3,2,1,Comment 632,KH00000174,CN00000005,NV00000113,DONDAT2229
DG00000633,4,3,1,,,CN00000006,NV00000026,DONDAT2777
DG00000634,3,1,4,Comment 634,,CN00000004,NV00000157,
DG00000635,2,4,2,,KH00000181,CN00000004,,DONDAT2826
DG00000636,1,4,1,Comment 636,,CN00000009,NV00000191,
DG00000637,3,2,3,Comment 637,KH00000355,CN00000006,,DONDAT0724
DG00000638,1,1,4,Comment 638,KH00000473,CN00000006,,
DG00000639,3,1,3,Comment 639,KH00000355,CN00000007,NV00000013,
DG00000640,3,1,4,Comment 640,KH00000014,CN00000004,NV00000158,
DG00000641,1,5,2,Comment 641,,CN00000002,,DONDAT0395
DG00000642,5,5,1,,KH00000191,CN00000001,,
DG00000643,2,5,1,Comment 643,,CN00000007,,
DG00000644,2,4,4,Comment 644,,CN00000008,,DONDAT2072
DG00000645,3,4,3,Comment 645,KH00000341,CN00000008,,DONDAT1230
DG00000646,3,5,4,Comment 646,,CN00000010,,
DG00000647,5,5,2,,,CN00000009,,DONDAT2029
DG00000648,1,1,4,,KH00000146,CN00000007,NV00000158,
DG00000649,1,2,4,Comment 649,,CN00000010,,DONDAT1845
DG00000650,3,2,4,Comment 650,,CN00000010,NV00000071,DONDAT2393
DG00000651,3,1,4,,,CN00000007,,
DG00000652,1,2,1,Comment 652,,CN00000010,,DONDAT1790
DG00000653,3,1,4,Comment 653,KH00000023,CN00000006,,
DG00000654,4,1,4,,,CN00000001,NV00000106,DONDAT0664
DG00000655,2,4,5,Comment 655,KH00000429,CN00000002,NV00000135,DONDAT2190
DG00000656,1,4,3,Comment 656,,CN00000006,,DONDAT2855
DG00000657,5,2,3,Comment 657,,CN00000003,,
DG00000658,1,5,1,Comment 658,,CN00000006,NV00000115,DONDAT0090
DG00000659,1,5,1,Comment 659,,CN00000001,NV00000175,
DG00000660,5,2,4,,KH00000418,CN00000008,,
DG00000661,2,3,5,,KH00000012,CN00000004,NV00000195,DONDAT2624
DG00000662,3,5,5,,,CN00000010,,
DG00000663,3,1,3,Comment 663,KH00000210,CN00000005,NV00000171,
DG00000664,3,5,5,Comment 664,,CN00000003,NV00000097,DONDAT0720
DG00000665,3,5,1,Comment 665,,CN00000005,,DONDAT2876
DG00000666,5,4,3,Comment 666,,CN00000009,NV00000030,DONDAT0990
DG00000667,4,4,3,Comment 667,KH00000065,CN00000004,NV00000098,DONDAT0006
DG00000668,2,1,5,,,CN00000002,NV00000025,
DG00000669,1,5,3,,KH00000140,CN00000005,,DONDAT0213
DG00000670,4,4,3,,,CN00000003,,DONDAT2059
DG00000671,1,5,4,Comment 671,,CN00000008,,DONDAT2329
DG00000672,5,1,3,Comment 672,,CN00000004,NV00000102,DONDAT2554
DG00000673,3,3,4,Comment 673,KH00000322,CN00000006,NV00000057,DONDAT2632
DG00000674,3,5,2,,,CN00000006,NV00000098,DONDAT1546
DG00000675,3,4,3,Comment 675,,CN00000001,NV00000091,
DG00000676,5,5,3,,,CN00000008,,
DG00000677,4,2,3,Comment 677,KH00000276,CN00000007,NV00000102,DONDAT0370
DG00000678,5,4,1,Comment 678,,CN00000009,NV00000191,DONDAT1880
DG00000679,2,5,2,,KH00000054,CN00000007,NV00000094,
DG00000680,1,3,1,Comment 680,KH00000001,CN00000009,,
DG00000681,5,3,3,Comment 681,KH00000059,CN00000002,NV00000145,DONDAT1899
DG00000682,3,2,3,,,CN00000006,NV00000199,
DG00000683,5,4,3,Comment 683,,CN00000008,,DONDAT0302
DG00000684,2,2,2,Comment 684,,CN00000003,,
DG00000685,4,3,2,Comment 685,,CN00000003,NV00000097,DONDAT0358
DG00000686,2,4,1,Comment 686,,CN00000002,,
DG00000687,3,5,4,,KH00000384,CN00000005,,DONDAT2910
DG00000688,1,1,3,Comment 688,KH00000377,CN00000009,NV00000195,
DG00000689,4,2,5,Comment 689,KH00000462,CN00000006,NV00000080,DONDAT0616
DG00000690,5,4,1,,,CN00000008,NV00000047,DONDAT1943
DG00000691,5,2,5,,,CN00000008,,
DG00000692,3,2,1,,KH00000150,CN00000010,NV00000068,DONDAT0241
DG00000693,3,4,3,,,CN00000003,,DONDAT0108
DG00000694,4,2,4,,,CN00000004,,DONDAT0470
DG00000695,4,4,4,,KH00000116,CN00000004,NV00000131,DONDAT2774
DG00000696,4,4,2,Comment 696,,CN00000009,,DONDAT1025
DG00000697,5,2,2,Comment 697,KH00000159,CN00000005,,
DG00000698,2,1,5,,,CN00000007,,DONDAT0683
DG00000699,5,3,2,,,CN00000010,,
DG00000700,4,4,5,Comment 700,KH00000184,CN00000008,NV00000003,DONDAT1828
DG00000701,5,2,2,,KH00000289,CN00000002,NV00000015,
DG00000702,5,3,5,Comment 702,KH00000163,CN00000006,NV00000106,DONDAT1074
DG00000703,4,1,5,,KH00000430,CN00000007,,
DG00000704,5,1,5,,,CN00000006,NV00000060,DONDAT2002
DG00000705,4,5,4,Comment 705,KH00000271,CN00000005,NV00000055,DONDAT2791
DG00000706,5,5,4,Comment 706,KH00000009,CN00000004,,DONDAT0958
DG00000707,3,3,1,,KH00000080,CN00000002,NV00000039,
DG00000708,3,5,5,,KH00000477,CN00000010,,
DG00000709,1,5,5,Comment 709,,CN00000010,,
DG00000710,1,3,5,Comment 710,,CN00000007,,DONDAT0924
DG00000711,3,1,1,,KH00000440,CN00000004,,DONDAT1876
DG00000712,3,2,2,,,CN00000001,NV00000073,DONDAT1944
DG00000713,1,5,2,Comment 713,,CN00000002,NV00000067,DONDAT2187
DG00000714,1,4,4,,KH00000119,CN00000005,,DONDAT2900
DG00000715,1,1,1,Comment 715,KH00000051,CN00000006,,DONDAT2148
DG00000716,5,4,4,Comment 716,,CN00000008,,DONDAT0493
DG00000717,3,5,3,Comment 717,,CN00000006,,
DG00000718,2,2,3,,KH00000338,CN00000003,,DONDAT1525
DG00000719,2,5,4,Comment 719,KH00000203,CN00000002,,DONDAT1990
DG00000720,3,4,5,,KH00000022,CN00000010,,
DG00000721,3,3,3,,,CN00000005,NV00000063,
DG00000722,2,3,2,,,CN00000001,NV00000068,DONDAT2973
DG00000723,1,5,5,Comment 723,,CN00000008,,DONDAT2645
DG00000724,2,1,5,,,CN00000010,NV00000015,DONDAT0186
DG00000725,4,1,2,,,CN00000003,NV00000065,
DG00000726,4,5,3,Comment 726,KH00000042,CN00000002,,
DG00000727,2,2,5,Comment 727,,CN00000003,NV00000025,
DG00000728,5,4,1,,,CN00000007,,DONDAT2779
DG00000729,2,4,5,,KH00000099,CN00000010,,DONDAT1132
DG00000730,5,4,2,Comment 730,,CN00000005,,
DG00000731,4,2,4,,KH00000371,CN00000010,,
DG00000732,2,2,2,Comment 732,,CN00000001,,DONDAT1241
DG00000733,2,3,2,,KH00000474,CN00000010,,
DG00000734,1,2,2,Comment 734,,CN00000003,,
DG00000735,5,2,5,,KH00000354,CN00000004,,
DG00000736,1,1,2,,,CN00000004,,DONDAT1583
DG00000737,2,3,2,,,CN00000007,NV00000137,DONDAT1599
DG00000738,4,5,1,Comment 738,KH00000196,CN00000009,NV00000114,
DG00000739,5,3,4,Comment 739,,CN00000006,NV00000048,DONDAT1266
DG00000740,2,4,2,Comment 740,,CN00000003,NV00000011,DONDAT1352
DG00000741,1,4,2,Comment 741,KH00000270,CN00000010,,
DG00000742,2,5,3,Comment 742,KH00000363,CN00000009,,
DG00000743,3,4,4,Comment 743,,CN00000007,NV00000082,DONDAT2431
DG00000744,5,4,4,Comment 744,KH00000180,CN00000007,,DONDAT0641
DG00000745,4,3,3,Comment 745,,CN00000005,,
DG00000746,4,3,1,,,CN00000005,,
DG00000747,2,1,1,Comment 747,KH00000491,CN00000005,,DONDAT1979
DG00000748,3,1,4,,KH00000359,CN00000002,NV00000039,DONDAT2984
DG00000749,2,5,1,,,CN00000008,NV00000056,DONDAT0508
DG00000750,4,5,1,Comment 750,,CN00000003,NV00000188,
DG00000751,2,2,2,Comment 751,,CN00000008,,DONDAT2020
DG00000752,5,2,3,,,CN00000008,NV00000031,
DG00000753,1,5,3,,KH00000349,CN00000002,,DONDAT2934
DG00000754,1,3,4,,KH00000172,CN00000007,NV00000138,DONDAT0193
DG00000755,4,1,5,Comment 755,KH00000464,CN00000010,NV00000115,
DG00000756,3,3,2,,KH00000350,CN00000007,NV00000002,
DG00000757,2,1,5,,KH00000022,CN00000003,NV00000082,DONDAT2079
DG00000758,1,1,3,Comment 758,KH00000494,CN00000007,,DONDAT0244
DG00000759,1,5,3,,KH00000344,CN00000009,,DONDAT0026
DG00000760,5,3,5,,,CN00000001,NV00000058,
DG00000761,4,1,5,,,CN00000006,NV00000164,
DG00000762,5,3,2,,KH00000322,CN00000001,NV00000004,
DG00000763,1,1,2,,KH00000106,CN00000010,NV00000100,
DG00000764,1,2,1,,KH00000447,CN00000006,,DONDAT1286
DG00000765,1,5,5,,,CN00000005,NV00000122,DONDAT2628
DG00000766,3,4,5,,,CN00000003,NV00000163,
DG00000767,5,5,2,,,CN00000009,,DONDAT0608
DG00000768,2,2,5,Comment 768,,CN00000008,NV00000033,
DG00000769,2,5,3,Comment 769,KH00000381,CN00000003,,DONDAT1663
DG00000770,4,4,3,Comment 770,,CN00000001,,DONDAT0945
DG00000771,2,1,4,,KH00000132,CN00000007,NV00000007,DONDAT2158
DG00000772,5,3,3,Comment 772,,CN00000009,NV00000089,DONDAT2627
DG00000773,5,2,3,Comment 773,KH00000371,CN00000010,NV00000169,
DG00000774,1,1,2,,KH00000095,CN00000008,NV00000007,DONDAT2839
DG00000775,3,1,3,,KH00000383,CN00000002,,
DG00000776,2,4,4,,KH00000118,CN00000008,NV00000032,
DG00000777,2,4,2,,KH00000354,CN00000006,,
DG00000778,4,3,4,Comment 778,KH00000256,CN00000002,,
DG00000779,4,1,4,,KH00000119,CN00000009,,
DG00000780,3,2,1,Comment 780,KH00000118,CN00000009,,DONDAT1576
DG00000781,1,5,5,Comment 781,,CN00000005,,DONDAT0294
DG00000782,3,2,5,Comment 782,KH00000127,CN00000002,NV00000056,
DG00000783,5,1,3,,,CN00000003,NV00000087,DONDAT2839
DG00000784,4,3,2,Comment 784,,CN00000005,,DONDAT2524
DG00000785,1,1,1,,,CN00000007,,
DG00000786,2,5,5,,KH00000355,CN00000008,,DONDAT0610
DG00000787,3,4,2,Comment 787,KH00000312,CN00000010,,DONDAT0936
DG00000788,5,4,5,Comment 788,KH00000378,CN00000009,,DONDAT0550
DG00000789,3,1,3,Comment 789,KH00000169,CN00000010,,
DG00000790,4,2,1,,,CN00000002,NV00000007,
DG00000791,4,2,5,Comment 791,KH00000337,CN00000010,NV00000200,DONDAT2490
DG00000792,2,5,4,Comment 792,KH00000296,CN00000002,NV00000198,
DG00000793,2,5,4,,,CN00000004,,
DG00000794,1,1,1,Comment 794,,CN00000008,,DONDAT0929
DG00000795,2,5,5,Comment 795,KH00000195,CN00000004,,
DG00000796,4,1,5,,,CN00000008,,
DG00000797,4,2,1,Comment 797,KH00000054,CN00000004,NV00000070,
DG00000798,2,5,1,,KH00000274,CN00000002,,DONDAT2830
DG00000799,3,5,3,Comment 799,,CN00000008,,
DG00000800,5,5,1,Comment 800,KH00000075,CN00000005,,
DG00000801,1,4,3,Comment 801,,CN00000010,NV00000061,DONDAT2425
DG00000802,2,5,2,,,CN00000006,NV00000021,DONDAT0909
DG00000803,1,5,2,,,CN00000001,,DONDAT0290
DG00000804,4,2,5,Comment 804,KH00000455,CN00000005,,DONDAT0170
DG00000805,1,2,1,,KH00000354,CN00000006,,DONDAT0681
DG00000806,1,2,4,,,CN00000002,,DONDAT2380
DG00000807,1,3,4,Comment 807,KH00000494,CN00000008,NV00000093,DONDAT2343
DG00000808,1,4,3,Comment 808,,CN00000008,NV00000083,DONDAT2572
DG00000809,2,4,2,Comment 809,,CN00000001,,
DG00000810,1,5,4,,,CN00000009,,
DG00000811,1,3,4,,KH00000443,CN00000009,,DONDAT0609
DG00000812,2,4,2,,KH00000386,CN00000002,,
DG00000813,3,1,2,Comment 813,KH00000098,CN00000003,NV00000195,
DG00000814,4,4,4,Comment 814,KH00000080,CN00000008,,DONDAT0045
DG00000815,5,3,1,,KH00000420,CN00000006,NV00000113,DONDAT0731
DG00000816,5,3,2,Comment 816,,CN00000001,NV00000036,DONDAT2776
DG00000817,1,4,5,,,CN00000003,,
DG00000818,5,3,3,,KH00000238,CN00000007,,DONDAT1425
DG00000819,2,1,1,Comment 819,,CN00000005,NV00000155,DONDAT2385
DG00000820,3,1,1,Comment 820,,CN00000006,NV00000081,DONDAT0448
DG00000821,3,4,3,Comment 821,,CN00000002,NV00000084,
DG00000822,1,5,4,,,CN00000010,,
DG00000823,3,3,4,Comment 823,KH00000189,CN00000005,,
DG00000824,3,3,1,Comment 824,,CN00000002,NV00000019,DONDAT2154
DG00000825,4,1,3,Comment 825,,CN00000008,NV00000089,
DG00000826,2,5,3,Comment 826,,CN00000004,NV00000133,
DG00000827,5,3,4,Comment 827,KH00000218,CN00000001,,
DG00000828,3,1,4,,,CN00000005,NV00000113,
DG00000829,3,1,5,,KH00000441,CN00000007,,DONDAT1716
DG00000830,5,1,1,Comment 830,,CN00000002,NV00000132,DONDAT0740
DG00000831,2,2,4,Comment 831,,CN00000004,NV00000085,
DG00000832,5,2,1,,,CN00000004,,
DG00000833,4,1,2,Comment 833,KH00000257,CN00000006,,DONDAT2487
DG00000834,1,3,4,,,CN00000003,,
DG00000835,4,3,3,Comment 835,KH00000068,CN00000009,NV00000021,
DG00000836,1,1,1,,,CN00000001,NV00000074,DONDAT0446
DG00000837,3,3,5,Comment 837,KH00000295,CN00000005,,DONDAT2254
DG00000838,5,3,3,,KH00000228,CN00000010,,DONDAT1329
DG00000839,2,3,4,Comment 839,,CN00000007,,DONDAT0241
DG00000840,1,2,3,,KH00000369,CN00000010,NV00000041,
DG00000841,4,3,3,Comment 841,KH00000023,CN00000003,,
DG00000842,2,2,5,Comment 842,,CN00000003,,
DG00000843,3,3,5,Comment 843,,CN00000006,,DONDAT1801
DG00000844,1,5,2,,,CN00000004,,DONDAT0972
DG00000845,3,1,3,,KH00000500,CN00000006,NV00000179,
DG00000846,2,2,4,Comment 846,KH00000011,CN00000002,,
DG00000847,3,1,5,,KH00000047,CN00000002,NV00000190,DONDAT1438
DG00000848,1,5,1,Comment 848,KH00000487,CN00000008,,
DG00000849,1,4,5,Comment 849,,CN00000009,,DONDAT1580
DG00000850,4,5,3,Comment 850,KH00000095,CN00000010,,
DG00000851,5,3,5,Comment 851,,CN00000007,,DONDAT1913
DG00000852,4,1,1,,,CN00000002,,DONDAT1588
DG00000853,3,1,1,,,CN00000006,NV00000096,
DG00000854,3,2,3,Comment 854,KH00000158,CN00000004,NV00000188,
DG00000855,2,3,2,Comment 855,,CN00000001,,DONDAT1009
DG00000856,1,2,4,,,CN00000010,NV00000175,DONDAT0596
DG00000857,1,2,5,Comment 857,KH00000374,CN00000003,,
DG00000858,4,1,5,Comment 858,,CN00000003,NV00000137,DONDAT1725
DG00000859,4,2,4,Comment 859,,CN00000008,NV00000180,
DG00000860,5,1,1,Comment 860,,CN00000003,,DONDAT0669
DG00000861,4,3,5,,,CN00000008,,DONDAT2771
DG00000862,4,2,1,,KH00000135,CN00000007,NV00000132,DONDAT1991
DG00000863,4,3,1,,KH00000049,CN00000005,NV00000027,
DG00000864,5,3,5,,,CN00000009,,DONDAT1545
DG00000865,2,5,4,Comment 865,KH00000497,CN00000008,NV00000123,
DG00000866,5,3,3,Comment 866,KH00000375,CN00000004,,
DG00000867,2,4,4,Comment 867,KH00000399,CN00000007,NV00000099,DONDAT2417
DG00000868,1,3,5,,KH00000053,CN00000009,NV00000149,DONDAT2735
DG00000869,2,5,2,,KH00000417,CN00000007,,
DG00000870,3,5,5,Comment 870,,CN00000005,NV00000056,DONDAT2504
DG00000871,2,5,3,Comment 871,,CN00000006,,DONDAT1114
DG00000872,4,4,4,Comment 872,,CN00000003,NV00000081,
DG00000873,3,4,5,,,CN00000001,,
DG00000874,5,1,2,,,CN00000005,,
DG00000875,1,5,1,Comment 875,KH00000308,CN00000001,,DONDAT1025
DG00000876,3,4,2,,,CN00000003,NV00000040,DONDAT2500
DG00000877,5,2,1,,,CN00000001,NV00000018,DONDAT0797
DG00000878,5,3,5,,,CN00000007,NV00000143,
DG00000879,3,5,5,Comment 879,KH00000295,CN00000002,,DONDAT2184
DG00000880,5,4,2,Comment 880,,CN00000004,NV00000037,
DG00000881,3,1,3,,,CN00000008,NV00000171,DONDAT2039
DG00000882,5,3,4,Comment 882,,CN00000007,NV00000122,
DG00000883,5,5,3,,KH00000058,CN00000010,NV00000132,
DG00000884,2,4,2,Comment 884,,CN00000006,NV00000075,DONDAT0783
DG00000885,4,2,1,,,CN00000004,,DONDAT2359
DG00000886,1,5,4,Comment 886,KH00000457,CN00000003,NV00000164,
DG00000887,1,4,1,Comment 887,KH00000400,CN00000003,,DONDAT2729
DG00000888,1,1,1,Comment 888,,CN00000002,NV00000001,
DG00000889,3,3,5,,,CN00000006,NV00000078,DONDAT0192
DG00000890,4,4,2,,KH00000463,CN00000005,,
DG00000891,4,4,1,,KH00000155,CN00000007,NV00000147,
DG00000892,2,4,2,,,CN00000006,,
DG00000893,5,2,3,Comment 893,,CN00000008,,DONDAT0985
DG00000894,5,5,4,,,CN00000006,,DONDAT0835
DG00000895,4,2,1,,,CN00000004,,DONDAT2253
DG00000896,5,4,3,,KH00000217,CN00000004,NV00000081,
DG00000897,5,1,5,,,CN00000003,,
DG00000898,4,2,1,,,CN00000009,,DONDAT0746
DG00000899,1,3,5,Comment 899,KH00000435,CN00000007,,
DG00000900,1,2,4,Comment 900,KH00000413,CN00000006,NV00000024,DONDAT1877
DG00000901,1,3,3,Comment 901,,CN00000005,,DONDAT2789
DG00000902,1,2,3,,KH00000061,CN00000003,,DONDAT2220
DG00000903,5,4,3,Comment 903,KH00000482,CN00000003,,
DG00000904,4,3,2,Comment 904,KH00000351,CN00000005,,DONDAT1758
DG00000905,2,4,2,,KH00000448,CN00000003,NV00000089,DONDAT1650
DG00000906,1,4,4,Comment 906,,CN00000001,NV00000060,DONDAT1483
DG00000907,4,5,1,Comment 907,,CN00000001,,
DG00000908,2,4,5,,,CN00000004,,
DG00000909,2,5,5,,,CN00000008,NV00000132,DONDAT1928
DG00000910,5,1,5,Comment 910,,CN00000004,NV00000144,
DG00000911,2,4,2,Comment 911,KH00000490,CN00000005,,
DG00000912,4,1,1,Comment 912,KH00000209,CN00000006,NV00000039,DONDAT1755
DG00000913,1,4,1,Comment 913,,CN00000002,,
DG00000914,5,2,3,Comment 914,KH00000133,CN00000002,,
DG00000915,1,1,5,Comment 915,KH00000152,CN00000008,NV00000156,DONDAT1588
DG00000916,1,3,4,Comment 916,,CN00000009,,
DG00000917,5,3,3,Comment 917,,CN00000010,,
DG00000918,3,5,2,,,CN00000009,,DONDAT2206
DG00000919,4,5,2,,,CN00000010,,
DG00000920,1,2,3,Comment 920,,CN00000003,,
DG00000921,3,5,1,,,CN00000010,NV00000045,DONDAT2422
DG00000922,3,3,1,Comment 922,KH00000156,CN00000010,NV00000031,
DG00000923,2,3,5,Comment 923,,CN00000007,,
DG00000924,5,4,2,Comment 924,KH00000118,CN00000005,,
DG00000925,1,2,4,Comment 925,KH00000396,CN00000010,,DONDAT1451
DG00000926,1,4,2,,KH00000372,CN00000008,,DONDAT2553
DG00000927,3,4,1,,KH00000427,CN00000007,NV00000087,
DG00000928,2,3,5,Comment 928,KH00000059,CN00000008,,
DG00000929,2,5,3,,,CN00000009,NV00000102,
DG00000930,1,3,2,,KH00000059,CN00000008,NV00000160,DONDAT2464
DG00000931,2,1,3,,KH00000334,CN00000002,NV00000144,
DG00000932,4,2,4,Comment 932,,CN00000004,NV00000104,DONDAT2591
DG00000933,4,1,3,,,CN00000001,NV00000053,DONDAT0919
DG00000934,1,4,4,,,CN00000001,NV00000056,
DG00000935,3,4,1,,KH00000036,CN00000009,NV00000032,DONDAT2629
DG00000936,5,5,3,,,CN00000007,NV00000028,DONDAT0710
DG00000937,1,5,3,,,CN00000008,,DONDAT1979
DG00000938,5,1,4,,KH00000250,CN00000001,NV00000174,
DG00000939,1,1,4,,KH00000461,CN00000008,,DONDAT2777
DG00000940,2,1,3,Comment 940,,CN00000001,NV00000197,
DG00000941,1,2,1,Comment 941,,CN00000010,,
DG00000942,5,2,2,Comment 942,KH00000142,CN00000009,,DONDAT1083
DG00000943,4,1,1,,KH00000420,CN00000005,,DONDAT2111
DG00000944,1,1,2,,KH00000225,CN00000006,NV00000167,
DG00000945,3,2,2,Comment 945,,CN00000008,,DONDAT0771
DG00000946,5,5,5,,,CN00000008,NV00000119,DONDAT0198
DG00000947,4,2,1,Comment 947,KH00000255,CN00000004,NV00000124,DONDAT1908
DG00000948,4,1,1,,KH00000061,CN00000009,NV00000183,DONDAT0141
DG00000949,2,5,1,Comment 949,,CN00000003,,
DG00000950,4,1,3,Comment 950,KH00000082,CN00000010,NV00000078,
DG00000951,1,4,4,Comment 951,KH00000126,CN00000010,,DONDAT2957
DG00000952,5,4,1,,,CN00000004,,DONDAT1450
DG00000953,3,2,5,,,CN00000001,,DONDAT1490
DG00000954,5,3,2,,,CN00000007,NV00000039,
DG00000955,2,2,5,,KH00000178,CN00000006,,
DG00000956,5,1,4,,KH00000134,CN00000006,NV00000177,
DG00000957,5,1,5,,,CN00000007,,DONDAT0760
DG00000958,4,4,4,,KH00000021,CN00000010,,DONDAT2697
DG00000959,3,4,4,,,CN00000004,NV00000197,
DG00000960,2,3,1,,,CN00000003,,DONDAT0313
DG00000961,3,3,1,,KH00000407,CN00000004,,
DG00000962,2,3,3,Comment 962,,CN00000008,NV00000032,
DG00000963,4,2,5,,,CN00000010,,DONDAT2100
DG00000964,1,2,5,,KH00000217,CN00000002,NV00000090,
DG00000965,5,3,5,,,CN00000003,NV00000008,
DG00000966,5,5,2,Comment 966,,CN00000007,,
DG00000967,4,4,5,,,CN00000003,,DONDAT2036
DG00000968,5,2,3,Comment 968,KH00000423,CN00000006,NV00000181,
DG00000969,2,5,3,Comment 969,KH00000227,CN00000005,NV00000060,
DG00000970,3,2,4,,,CN00000003,NV00000023,
DG00000971,4,3,4,,,CN00000006,NV00000175,DONDAT1790
DG00000972,3,4,1,Comment 972,,CN00000004,NV00000090,DONDAT0508
DG00000973,2,1,5,,KH00000378,CN00000001,,DONDAT1081
DG00000974,1,4,4,,KH00000356,CN00000005,NV00000170,DONDAT2217
DG00000975,3,3,1,,,CN00000003,NV00000016,
DG00000976,1,3,5,,,CN00000001,,DONDAT2005
DG00000977,5,2,2,Comment 977,KH00000447,CN00000001,,DONDAT2548
DG00000978,4,1,2,Comment 978,KH00000119,CN00000007,,DONDAT1154
DG00000979,3,4,5,,,CN00000001,,DONDAT1998
DG00000980,1,4,5,,,CN00000002,,DONDAT0196
DG00000981,5,4,5,Comment 981,KH00000277,CN00000010,NV00000064,
DG00000982,5,3,2,Comment 982,,CN00000002,,
DG00000983,1,1,3,,KH00000327,CN00000002,,
DG00000984,5,2,3,,KH00000456,CN00000006,,DONDAT1335
DG00000985,2,4,3,Comment 985,,CN00000009,NV00000118,
DG00000986,2,3,1,,KH00000285,CN00000008,,
DG00000987,5,2,5,Comment 987,KH00000318,CN00000004,,
DG00000988,3,4,5,,,CN00000008,,
DG00000989,2,2,5,,,CN00000005,NV00000071,
DG00000990,3,4,2,,,CN00000001,,DONDAT0791
DG00000991,4,5,5,Comment 991,KH00000203,CN00000004,,
DG00000992,3,4,4,Comment 992,,CN00000003,NV00000195,DONDAT2757
DG00000993,2,3,5,,,CN00000009,NV00000141,
DG00000994,1,5,3,Comment 994,,CN00000002,,DONDAT2283
DG00000995,3,5,5,,,CN00000001,NV00000190,
DG00000996,1,4,5,Comment 996,,CN00000002,,
DG00000997,2,2,2,Comment 997,KH00000060,CN00000003,,DONDAT0962
DG00000998,2,4,4,Comment 998,KH00000227,CN00000010,,
DG00000999,5,4,2,,,CN00000004,,
DG00001000,1,2,1,,,CN00000001,NV00000025,
