MAMENU,MACHINHANH,MAMON,MACOMBO,GIAHIENTAI,TRANGTHAIPHUCVU
MENU000001,CN00000004,MON0000001,,209374.54,Out of stock
MENU000002,CN00000004,,COMBO00010,312249.93,Available
MENU000003,CN00000007,MON0000006,,344500.8,Discontinued
MENU000004,CN00000002,MON0000015,,255293.36,Discontinued
MENU000005,CN00000007,,COMBO00003,453140.16,Out of stock
MENU000006,CN00000002,MON0000019,,377222.87,Available
MENU000007,CN00000005,,COMBO00010,312249.93,Discontinued
MENU000008,CN00000007,,COMBO00005,464902.51,Available
MENU000009,CN00000001,MON0000014,,205541.43,Discontinued
MENU000010,CN00000005,,COMBO00004,498581.92,Out of stock
MENU000011,CN00000001,,COMBO00007,435640.4,Available
MENU000012,CN00000010,,COMBO00008,408180.03,Available
MENU000013,CN00000007,MON0000026,,212924.16,Discontinued
MENU000014,CN00000006,MON0000032,,315115.42,Discontinued
MENU000015,CN00000008,MON0000021,,290581.93,Out of stock
MENU000016,CN00000009,MON0000028,,370426.69,Discontinued
MENU000017,CN00000004,,COMBO00001,175034.24,Discontinued
MENU000018,CN00000004,,COMBO00001,175034.24,Available
MENU000019,CN00000003,,COMBO00004,498581.92,Available
MENU000020,CN00000003,,COMBO00010,312249.93,Available
MENU000021,CN00000003,,COMBO00005,464902.51,Discontinued
MENU000022,CN00000004,MON0000023,,357671.24,Out of stock
MENU000023,CN00000001,,COMBO00009,372245.02,Discontinued
MENU000024,CN00000007,,COMBO00010,312249.93,Discontinued
MENU000025,CN00000004,MON0000041,,230358.37,Out of stock
MENU000026,CN00000002,MON0000018,,198093.4,Available
MENU000027,CN00000007,MON0000035,,195458.64,Out of stock
MENU000028,CN00000004,,COMBO00006,282369.84,Out of stock
MENU000029,CN00000003,,COMBO00008,408180.03,Available
MENU000030,CN00000003,MON0000007,,492873.12,Out of stock
MENU000031,CN00000004,,COMBO00003,453140.16,Available
MENU000032,CN00000010,,COMBO00010,312249.93,Discontinued
MENU000033,CN00000009,MON0000012,,308130.69,Discontinued
MENU000034,CN00000008,,COMBO00007,435640.4,Available
MENU000035,CN00000009,,COMBO00001,175034.24,Out of stock
MENU000036,CN00000009,,COMBO00003,453140.16,Available
MENU000037,CN00000010,,COMBO00008,408180.03,Discontinued
MENU000038,CN00000002,,COMBO00004,498581.92,Available
MENU000039,CN00000001,MON0000022,,345270.7,Out of stock
MENU000040,CN00000007,,COMBO00009,372245.02,Discontinued
MENU000041,CN00000005,,COMBO00009,372245.02,Out of stock
MENU000042,CN00000004,,COMBO00003,453140.16,Available
MENU000043,CN00000006,MON0000017,,217687.38,Discontinued
MENU000044,CN00000001,MON0000046,,307698.18,Available
MENU000045,CN00000002,MON0000038,,250713.62,Available
MENU000046,CN00000004,MON0000039,,157859.07,Available
MENU000047,CN00000009,MON0000034,,274951.21,Discontinued
MENU000048,CN00000008,,COMBO00004,498581.92,Available
MENU000049,CN00000005,,COMBO00004,498581.92,Out of stock
MENU000050,CN00000009,,COMBO00010,312249.93,Out of stock
MENU000051,CN00000008,,COMBO00002,279510.72,Discontinued
MENU000052,CN00000010,,COMBO00001,175034.24,Available
MENU000053,CN00000006,,COMBO00005,464902.51,Available
MENU000054,CN00000003,,COMBO00001,175034.24,Available
MENU000055,CN00000001,MON0000049,,416539.5,Out of stock
MENU000056,CN00000004,MON0000032,,315115.42,Available
MENU000057,CN00000010,,COMBO00007,435640.4,Out of stock
MENU000058,CN00000008,MON0000031,,293940.63,Available
MENU000059,CN00000002,MON0000037,,267047.32,Out of stock
MENU000060,CN00000007,MON0000046,,307698.18,Available
MENU000061,CN00000004,MON0000005,,205237.91,Out of stock
MENU000062,CN00000009,,COMBO00006,282369.84,Out of stock
MENU000063,CN00000004,,COMBO00006,282369.84,Discontinued
MENU000064,CN00000002,MON0000012,,308130.69,Available
MENU000065,CN00000002,MON0000020,,390235.94,Available
MENU000066,CN00000004,MON0000010,,383725.15,Out of stock
MENU000067,CN00000006,MON0000034,,274951.21,Available
MENU000068,CN00000007,MON0000034,,274951.21,Discontinued
MENU000069,CN00000009,MON0000045,,248008.53,Out of stock
MENU000070,CN00000006,,COMBO00001,175034.24,Available
MENU000071,CN00000003,MON0000013,,471300.89,Discontinued
MENU000072,CN00000001,MON0000006,,344500.8,Out of stock
MENU000073,CN00000004,,COMBO00010,312249.93,Discontinued
MENU000074,CN00000002,,COMBO00004,498581.92,Discontinued
MENU000075,CN00000006,,COMBO00008,408180.03,Discontinued
MENU000076,CN00000002,,COMBO00004,498581.92,Discontinued
MENU000077,CN00000010,,COMBO00002,279510.72,Discontinued
MENU000078,CN00000005,,COMBO00006,282369.84,Available
MENU000079,CN00000008,MON0000008,,179454.8,Discontinued
MENU000080,CN00000004,,COMBO00002,279510.72,Available
MENU000081,CN00000010,MON0000009,,414255.83,Discontinued
MENU000082,CN00000010,MON0000045,,248008.53,Out of stock
MENU000083,CN00000001,,COMBO00009,372245.02,Available
MENU000084,CN00000009,MON0000036,,273751.7,Available
MENU000085,CN00000003,,COMBO00004,498581.92,Discontinued
MENU000086,CN00000009,MON0000024,,484140.06,Discontinued
MENU000087,CN00000007,,COMBO00008,408180.03,Discontinued
MENU000088,CN00000003,,COMBO00004,498581.92,Discontinued
MENU000089,CN00000004,MON0000048,,189569.76,Discontinued
MENU000090,CN00000009,,COMBO00008,408180.03,Available
MENU000091,CN00000007,MON0000030,,381300.86,Out of stock
MENU000092,CN00000009,MON0000039,,157859.07,Discontinued
MENU000093,CN00000008,,COMBO00005,464902.51,Available
MENU000094,CN00000007,MON0000049,,416539.5,Available
MENU000095,CN00000002,MON0000001,,209374.54,Out of stock
MENU000096,CN00000003,,COMBO00010,312249.93,Out of stock
MENU000097,CN00000005,MON0000002,,226879.36,Available
MENU000098,CN00000010,,COMBO00006,282369.84,Available
MENU000099,CN00000008,MON0000049,,416539.5,Discontinued
MENU000100,CN00000002,MON0000042,,334327.95,Discontinued
MENU000101,CN00000003,MON0000004,,232481.82,Available
MENU000102,CN00000006,MON0000017,,217687.38,Discontinued
MENU000103,CN00000009,MON0000026,,212924.16,Discontinued
MENU000104,CN00000009,,COMBO00004,498581.92,Out of stock
MENU000105,CN00000003,MON0000007,,492873.12,Discontinued
MENU000106,CN00000005,MON0000050,,388203.3,Out of stock
MENU000107,CN00000004,,COMBO00008,408180.03,Discontinued
MENU000108,CN00000001,,COMBO00001,175034.24,Available
MENU000109,CN00000008,MON0000036,,273751.7,Discontinued
MENU000110,CN00000004,,COMBO00001,175034.24,Discontinued
MENU000111,CN00000001,MON0000019,,377222.87,Out of stock
MENU000112,CN00000005,,COMBO00003,453140.16,Out of stock
MENU000113,CN00000004,,COMBO00007,435640.4,Out of stock
MENU000114,CN00000003,,COMBO00003,453140.16,Out of stock
MENU000115,CN00000001,MON0000016,,159137.69,Out of stock
MENU000116,CN00000008,,COMBO00007,435640.4,Out of stock
MENU000117,CN00000001,,COMBO00005,464902.51,Out of stock
MENU000118,CN00000003,,COMBO00003,453140.16,Discontinued
MENU000119,CN00000009,MON0000004,,232481.82,Out of stock
MENU000120,CN00000009,,COMBO00006,282369.84,Out of stock
MENU000121,CN00000009,,COMBO00006,282369.84,Discontinued
MENU000122,CN00000006,,COMBO00003,453140.16,Discontinued
MENU000123,CN00000001,,COMBO00006,282369.84,Discontinued
MENU000124,CN00000007,MON0000002,,226879.36,Available
MENU000125,CN00000005,MON0000046,,307698.18,Out of stock
MENU000126,CN00000006,MON0000023,,357671.24,Discontinued
MENU000127,CN00000001,,COMBO00006,282369.84,Out of stock
MENU000128,CN00000009,MON0000009,,414255.83,Out of stock
MENU000129,CN00000005,,COMBO00002,279510.72,Out of stock
MENU000130,CN00000010,,COMBO00001,175034.24,Out of stock
MENU000131,CN00000001,MON0000008,,179454.8,Available
MENU000132,CN00000009,,COMBO00010,312249.93,Available
MENU000133,CN00000007,MON0000032,,315115.42,Available
MENU000134,CN00000003,MON0000016,,159137.69,Discontinued
MENU000135,CN00000004,,COMBO00010,312249.93,Discontinued
MENU000136,CN00000009,MON0000049,,416539.5,Discontinued
MENU000137,CN00000004,MON0000041,,230358.37,Discontinued
MENU000138,CN00000002,,COMBO00007,435640.4,Available
MENU000139,CN00000009,,COMBO00010,312249.93,Available
MENU000140,CN00000007,,COMBO00010,312249.93,Available
MENU000141,CN00000005,MON0000037,,267047.32,Available
MENU000142,CN00000007,,COMBO00002,279510.72,Out of stock
MENU000143,CN00000006,MON0000007,,492873.12,Out of stock
MENU000144,CN00000006,,COMBO00004,498581.92,Available
MENU000145,CN00000004,MON0000014,,205541.43,Discontinued
MENU000146,CN00000007,MON0000046,,307698.18,Available
MENU000147,CN00000003,,COMBO00002,279510.72,Discontinued
MENU000148,CN00000006,,COMBO00005,464902.51,Available
MENU000149,CN00000006,MON0000047,,334104.72,Available
MENU000150,CN00000003,,COMBO00005,464902.51,Discontinued
MENU000151,CN00000001,,COMBO00003,453140.16,Available
MENU000152,CN00000003,MON0000017,,217687.38,Out of stock
MENU000153,CN00000007,,COMBO00003,453140.16,Out of stock
MENU000154,CN00000006,MON0000027,,411826.01,Discontinued
MENU000155,CN00000003,MON0000039,,157859.07,Discontinued
MENU000156,CN00000006,MON0000035,,195458.64,Out of stock
MENU000157,CN00000004,,COMBO00002,279510.72,Discontinued
MENU000158,CN00000003,MON0000047,,334104.72,Discontinued
MENU000159,CN00000006,,COMBO00006,282369.84,Discontinued
MENU000160,CN00000005,MON0000030,,381300.86,Discontinued
MENU000161,CN00000005,,COMBO00007,435640.4,Discontinued
MENU000162,CN00000004,MON0000041,,230358.37,Available
MENU000163,CN00000003,,COMBO00003,453140.16,Discontinued
MENU000164,CN00000004,MON0000025,,172607.49,Out of stock
MENU000165,CN00000003,,COMBO00009,372245.02,Available
MENU000166,CN00000004,MON0000013,,471300.89,Discontinued
MENU000167,CN00000005,MON0000023,,357671.24,Available
MENU000168,CN00000004,MON0000035,,195458.64,Discontinued
MENU000169,CN00000008,,COMBO00001,175034.24,Available
MENU000170,CN00000008,,COMBO00001,175034.24,Discontinued
MENU000171,CN00000004,MON0000038,,250713.62,Available
MENU000172,CN00000010,,COMBO00002,279510.72,Out of stock
MENU000173,CN00000001,MON0000039,,157859.07,Out of stock
MENU000174,CN00000007,MON0000048,,189569.76,Discontinued
MENU000175,CN00000002,,COMBO00008,408180.03,Discontinued
MENU000176,CN00000001,MON0000020,,390235.94,Available
MENU000177,CN00000010,,COMBO00006,282369.84,Available
MENU000178,CN00000003,,COMBO00008,408180.03,Out of stock
MENU000179,CN00000003,,COMBO00006,282369.84,Out of stock
MENU000180,CN00000005,MON0000020,,390235.94,Available
MENU000181,CN00000002,MON0000033,,404808.65,Available
MENU000182,CN00000008,,COMBO00002,279510.72,Out of stock
MENU000183,CN00000006,MON0000023,,357671.24,Out of stock
MENU000184,CN00000008,,COMBO00010,312249.93,Discontinued
MENU000185,CN00000003,MON0000018,,198093.4,Discontinued
MENU000186,CN00000004,,COMBO00009,372245.02,Out of stock
MENU000187,CN00000010,,COMBO00003,453140.16,Discontinued
MENU000188,CN00000008,MON0000045,,248008.53,Available
MENU000189,CN00000006,,COMBO00010,312249.93,Available
MENU000190,CN00000001,,COMBO00001,175034.24,Available
MENU000191,CN00000008,MON0000034,,274951.21,Discontinued
MENU000192,CN00000003,MON0000040,,191759.77,Out of stock
MENU000193,CN00000005,MON0000015,,255293.36,Available
MENU000194,CN00000001,,COMBO00010,312249.93,Available
MENU000195,CN00000002,,COMBO00003,453140.16,Out of stock
MENU000196,CN00000009,MON0000012,,308130.69,Out of stock
MENU000197,CN00000003,MON0000034,,274951.21,Out of stock
MENU000198,CN00000004,,COMBO00008,408180.03,Out of stock
MENU000199,CN00000010,MON0000044,,294072.55,Available
MENU000200,CN00000005,,COMBO00001,175034.24,Out of stock
MENU000201,CN00000007,,COMBO00006,282369.84,Discontinued
MENU000202,CN00000005,MON0000042,,334327.95,Available
MENU000203,CN00000003,,COMBO00009,372245.02,Out of stock
MENU000204,CN00000001,,COMBO00009,372245.02,Out of stock
MENU000205,CN00000009,MON0000048,,189569.76,Out of stock
MENU000206,CN00000010,,COMBO00009,372245.02,Out of stock
MENU000207,CN00000004,,COMBO00010,312249.93,Available
MENU000208,CN00000001,MON0000040,,191759.77,Out of stock
MENU000209,CN00000006,MON0000009,,414255.83,Available
MENU000210,CN00000004,MON0000002,,226879.36,Available
MENU000211,CN00000005,MON0000047,,334104.72,Available
MENU000212,CN00000007,,COMBO00001,175034.24,Discontinued
MENU000213,CN00000006,,COMBO00005,464902.51,Out of stock
MENU000214,CN00000007,MON0000020,,390235.94,Discontinued
MENU000215,CN00000006,,COMBO00007,435640.4,Out of stock
MENU000216,CN00000003,MON0000038,,250713.62,Out of stock
MENU000217,CN00000004,,COMBO00003,453140.16,Discontinued
MENU000218,CN00000002,,COMBO00010,312249.93,Out of stock
MENU000219,CN00000008,MON0000009,,414255.83,Available
MENU000220,CN00000006,MON0000043,,436322.91,Discontinued
MENU000221,CN00000007,MON0000024,,484140.06,Available
MENU000222,CN00000001,,COMBO00008,408180.03,Discontinued
MENU000223,CN00000006,MON0000015,,255293.36,Available
MENU000224,CN00000005,MON0000036,,273751.7,Discontinued
MENU000225,CN00000006,,COMBO00001,175034.24,Available
MENU000226,CN00000007,MON0000018,,198093.4,Discontinued
MENU000227,CN00000001,MON0000042,,334327.95,Out of stock
MENU000228,CN00000004,MON0000021,,290581.93,Out of stock
MENU000229,CN00000008,,COMBO00004,498581.92,Discontinued
MENU000230,CN00000006,,COMBO00004,498581.92,Discontinued
MENU000231,CN00000004,,COMBO00010,312249.93,Discontinued
MENU000232,CN00000009,,COMBO00009,372245.02,Discontinued
MENU000233,CN00000005,,COMBO00006,282369.84,Discontinued
MENU000234,CN00000005,MON0000013,,471300.89,Out of stock
MENU000235,CN00000007,MON0000020,,390235.94,Out of stock
MENU000236,CN00000005,,COMBO00007,435640.4,Available
MENU000237,CN00000009,,COMBO00005,464902.51,Out of stock
MENU000238,CN00000008,MON0000045,,248008.53,Available
MENU000239,CN00000006,,COMBO00003,453140.16,Out of stock
MENU000240,CN00000008,MON0000036,,273751.7,Discontinued
MENU000241,CN00000008,,COMBO00006,282369.84,Discontinued
MENU000242,CN00000007,MON0000026,,212924.16,Discontinued
MENU000243,CN00000007,MON0000007,,492873.12,Discontinued
MENU000244,CN00000001,,COMBO00008,408180.03,Available
MENU000245,CN00000002,MON0000050,,388203.3,Out of stock
MENU000246,CN00000001,,COMBO00003,453140.16,Discontinued
MENU000247,CN00000006,MON0000039,,157859.07,Out of stock
MENU000248,CN00000010,,COMBO00010,312249.93,Out of stock
MENU000249,CN00000008,MON0000050,,388203.3,Out of stock
MENU000250,CN00000010,MON0000012,,308130.69,Discontinued
MENU000251,CN00000004,,COMBO00006,282369.84,Discontinued
MENU000252,CN00000006,MON0000016,,159137.69,Discontinued
MENU000253,CN00000010,,COMBO00009,372245.02,Discontinued
MENU000254,CN00000003,MON0000037,,267047.32,Out of stock
MENU000255,CN00000004,,COMBO00008,408180.03,Out of stock
MENU000256,CN00000007,MON0000027,,411826.01,Available
MENU000257,CN00000002,,COMBO00006,282369.84,Discontinued
MENU000258,CN00000008,MON0000040,,191759.77,Discontinued
MENU000259,CN00000009,MON0000010,,383725.15,Out of stock
MENU000260,CN00000005,,COMBO00009,372245.02,Out of stock
MENU000261,CN00000008,,COMBO00004,498581.92,Discontinued
MENU000262,CN00000003,MON0000019,,377222.87,Out of stock
MENU000263,CN00000008,MON0000015,,255293.36,Available
MENU000264,CN00000008,MON0000019,,377222.87,Discontinued
MENU000265,CN00000007,,COMBO00006,282369.84,Out of stock
MENU000266,CN00000004,MON0000040,,191759.77,Available
MENU000267,CN00000007,MON0000030,,381300.86,Available
MENU000268,CN00000006,,COMBO00002,279510.72,Out of stock
MENU000269,CN00000004,MON0000036,,273751.7,Available
MENU000270,CN00000006,MON0000039,,157859.07,Out of stock
MENU000271,CN00000009,,COMBO00001,175034.24,Available
MENU000272,CN00000002,MON0000038,,250713.62,Discontinued
MENU000273,CN00000003,MON0000037,,267047.32,Discontinued
MENU000274,CN00000008,MON0000028,,370426.69,Available
MENU000275,CN00000001,,COMBO00006,282369.84,Discontinued
MENU000276,CN00000007,,COMBO00010,312249.93,Discontinued
MENU000277,CN00000010,MON0000035,,195458.64,Available
MENU000278,CN00000006,,COMBO00003,453140.16,Out of stock
MENU000279,CN00000009,,COMBO00010,312249.93,Available
MENU000280,CN00000003,,COMBO00005,464902.51,Discontinued
MENU000281,CN00000004,MON0000007,,492873.12,Available
MENU000282,CN00000005,,COMBO00004,498581.92,Available
MENU000283,CN00000001,MON0000012,,308130.69,Discontinued
MENU000284,CN00000002,,COMBO00002,279510.72,Available
MENU000285,CN00000001,,COMBO00004,498581.92,Out of stock
MENU000286,CN00000008,MON0000016,,159137.69,Out of stock
MENU000287,CN00000001,,COMBO00006,282369.84,Available
MENU000288,CN00000006,,COMBO00007,435640.4,Out of stock
MENU000289,CN00000010,,COMBO00002,279510.72,Available
MENU000290,CN00000009,,COMBO00001,175034.24,Available
MENU000291,CN00000008,MON0000013,,471300.89,Out of stock
MENU000292,CN00000010,,COMBO00008,408180.03,Discontinued
MENU000293,CN00000009,MON0000039,,157859.07,Discontinued
MENU000294,CN00000007,,COMBO00009,372245.02,Discontinued
MENU000295,CN00000001,MON0000001,,209374.54,Out of stock
MENU000296,CN00000005,MON0000002,,226879.36,Available
MENU000297,CN00000009,MON0000039,,157859.07,Out of stock
MENU000298,CN00000010,MON0000042,,334327.95,Available
MENU000299,CN00000003,MON0000045,,248008.53,Available
MENU000300,CN00000008,,COMBO00002,279510.72,Available
MENU000301,CN00000009,MON0000037,,267047.32,Discontinued
MENU000302,CN00000001,,COMBO00003,453140.16,Available
MENU000303,CN00000003,MON0000042,,334327.95,Discontinued
MENU000304,CN00000004,MON0000027,,411826.01,Out of stock
MENU000305,CN00000002,MON0000018,,198093.4,Available
MENU000306,CN00000004,MON0000044,,294072.55,Available
MENU000307,CN00000001,,COMBO00006,282369.84,Out of stock
MENU000308,CN00000008,MON0000036,,273751.7,Available
MENU000309,CN00000002,MON0000034,,274951.21,Out of stock
MENU000310,CN00000006,,COMBO00001,175034.24,Discontinued
MENU000311,CN00000007,MON0000046,,307698.18,Discontinued
MENU000312,CN00000003,MON0000007,,492873.12,Out of stock
MENU000313,CN00000002,,COMBO00004,498581.92,Discontinued
MENU000314,CN00000002,,COMBO00002,279510.72,Out of stock
MENU000315,CN00000001,,COMBO00009,372245.02,Out of stock
MENU000316,CN00000005,MON0000016,,159137.69,Available
MENU000317,CN00000002,,COMBO00007,435640.4,Discontinued
MENU000318,CN00000006,,COMBO00002,279510.72,Available
MENU000319,CN00000002,,COMBO00008,408180.03,Available
MENU000320,CN00000007,MON0000006,,344500.8,Available
MENU000321,CN00000005,MON0000018,,198093.4,Out of stock
MENU000322,CN00000007,,COMBO00005,464902.51,Discontinued
MENU000323,CN00000002,MON0000040,,191759.77,Available
MENU000324,CN00000004,,COMBO00005,464902.51,Discontinued
MENU000325,CN00000010,,COMBO00008,408180.03,Available
MENU000326,CN00000006,MON0000012,,308130.69,Discontinued
MENU000327,CN00000002,MON0000019,,377222.87,Discontinued
MENU000328,CN00000005,MON0000011,,498607.25,Discontinued
MENU000329,CN00000005,,COMBO00004,498581.92,Out of stock
MENU000330,CN00000008,,COMBO00006,282369.84,Out of stock
MENU000331,CN00000002,,COMBO00004,498581.92,Out of stock
MENU000332,CN00000010,MON0000040,,191759.77,Out of stock
MENU000333,CN00000010,,COMBO00009,372245.02,Out of stock
MENU000334,CN00000007,,COMBO00008,408180.03,Available
MENU000335,CN00000004,,COMBO00008,408180.03,Discontinued
MENU000336,CN00000005,MON0000020,,390235.94,Available
MENU000337,CN00000004,,COMBO00006,282369.84,Out of stock
MENU000338,CN00000001,MON0000045,,248008.53,Out of stock
MENU000339,CN00000006,MON0000025,,172607.49,Discontinued
MENU000340,CN00000002,MON0000009,,414255.83,Out of stock
MENU000341,CN00000007,MON0000046,,307698.18,Discontinued
MENU000342,CN00000003,MON0000018,,198093.4,Discontinued
MENU000343,CN00000007,,COMBO00010,312249.93,Available
MENU000344,CN00000004,,COMBO00007,435640.4,Available
MENU000345,CN00000008,MON0000034,,274951.21,Available
MENU000346,CN00000006,MON0000049,,416539.5,Available
MENU000347,CN00000009,MON0000023,,357671.24,Available
MENU000348,CN00000010,MON0000050,,388203.3,Out of stock
MENU000349,CN00000008,,COMBO00005,464902.51,Available
MENU000350,CN00000005,,COMBO00003,453140.16,Discontinued
MENU000351,CN00000004,,COMBO00005,464902.51,Discontinued
MENU000352,CN00000004,,COMBO00004,498581.92,Available
MENU000353,CN00000002,,COMBO00004,498581.92,Available
MENU000354,CN00000004,MON0000044,,294072.55,Discontinued
MENU000355,CN00000010,MON0000007,,492873.12,Out of stock
MENU000356,CN00000002,,COMBO00007,435640.4,Discontinued
MENU000357,CN00000001,,COMBO00001,175034.24,Available
MENU000358,CN00000004,MON0000040,,191759.77,Out of stock
MENU000359,CN00000004,MON0000029,,447227.2,Available
MENU000360,CN00000002,MON0000020,,390235.94,Discontinued
MENU000361,CN00000005,MON0000043,,436322.91,Discontinued
MENU000362,CN00000001,MON0000030,,381300.86,Discontinued
MENU000363,CN00000004,,COMBO00008,408180.03,Discontinued
MENU000364,CN00000001,MON0000047,,334104.72,Discontinued
MENU000365,CN00000005,MON0000032,,315115.42,Out of stock
MENU000366,CN00000006,MON0000035,,195458.64,Discontinued
MENU000367,CN00000001,MON0000032,,315115.42,Out of stock
MENU000368,CN00000008,,COMBO00006,282369.84,Out of stock
MENU000369,CN00000007,,COMBO00007,435640.4,Out of stock
MENU000370,CN00000008,,COMBO00008,408180.03,Available
MENU000371,CN00000005,,COMBO00010,312249.93,Out of stock
MENU000372,CN00000001,MON0000015,,255293.36,Discontinued
MENU000373,CN00000008,MON0000031,,293940.63,Available
MENU000374,CN00000010,MON0000044,,294072.55,Discontinued
MENU000375,CN00000010,,COMBO00005,464902.51,Discontinued
MENU000376,CN00000001,MON0000015,,255293.36,Available
MENU000377,CN00000002,,COMBO00008,408180.03,Available
MENU000378,CN00000003,,COMBO00004,498581.92,Discontinued
MENU000379,CN00000002,,COMBO00008,408180.03,Out of stock
MENU000380,CN00000006,MON0000031,,293940.63,Discontinued
MENU000381,CN00000005,,COMBO00008,408180.03,Available
MENU000382,CN00000007,MON0000019,,377222.87,Available
MENU000383,CN00000010,MON0000018,,198093.4,Discontinued
MENU000384,CN00000010,MON0000005,,205237.91,Available
MENU000385,CN00000005,MON0000037,,267047.32,Discontinued
MENU000386,CN00000005,,COMBO00002,279510.72,Out of stock
MENU000387,CN00000003,MON0000015,,255293.36,Available
MENU000388,CN00000001,MON0000042,,334327.95,Out of stock
MENU000389,CN00000002,,COMBO00004,498581.92,Discontinued
MENU000390,CN00000010,MON0000041,,230358.37,Discontinued
MENU000391,CN00000002,,COMBO00009,372245.02,Discontinued
MENU000392,CN00000007,,COMBO00008,408180.03,Available
MENU000393,CN00000006,,COMBO00008,408180.03,Out of stock
MENU000394,CN00000007,MON0000040,,191759.77,Discontinued
MENU000395,CN00000009,,COMBO00001,175034.24,Discontinued
MENU000396,CN00000008,MON0000037,,267047.32,Available
MENU000397,CN00000006,MON0000044,,294072.55,Available
MENU000398,CN00000008,MON0000045,,248008.53,Out of stock
MENU000399,CN00000004,,COMBO00010,312249.93,Out of stock
MENU000400,CN00000006,MON0000005,,205237.91,Discontinued
MENU000401,CN00000004,MON0000042,,334327.95,Out of stock
MENU000402,CN00000006,MON0000001,,209374.54,Discontinued
MENU000403,CN00000003,MON0000050,,388203.3,Discontinued
MENU000404,CN00000008,MON0000043,,436322.91,Available
MENU000405,CN00000003,,COMBO00008,408180.03,Available
MENU000406,CN00000001,MON0000012,,308130.69,Out of stock
MENU000407,CN00000005,MON0000030,,381300.86,Out of stock
MENU000408,CN00000004,MON0000041,,230358.37,Available
MENU000409,CN00000003,MON0000037,,267047.32,Discontinued
MENU000410,CN00000006,,COMBO00009,372245.02,Discontinued
MENU000411,CN00000002,,COMBO00005,464902.51,Discontinued
MENU000412,CN00000007,,COMBO00003,453140.16,Out of stock
MENU000413,CN00000002,,COMBO00006,282369.84,Discontinued
MENU000414,CN00000003,MON0000032,,315115.42,Discontinued
MENU000415,CN00000004,,COMBO00008,408180.03,Available
MENU000416,CN00000010,,COMBO00006,282369.84,Available
MENU000417,CN00000003,,COMBO00006,282369.84,Out of stock
MENU000418,CN00000007,MON0000005,,205237.91,Discontinued
MENU000419,CN00000006,,COMBO00003,453140.16,Out of stock
MENU000420,CN00000007,,COMBO00005,464902.51,Out of stock
MENU000421,CN00000001,MON0000040,,191759.77,Available
MENU000422,CN00000006,,COMBO00005,464902.51,Out of stock
MENU000423,CN00000003,,COMBO00001,175034.24,Available
MENU000424,CN00000007,,COMBO00004,498581.92,Available
MENU000425,CN00000009,MON0000007,,492873.12,Out of stock
MENU000426,CN00000003,MON0000028,,370426.69,Out of stock
MENU000427,CN00000010,,COMBO00007,435640.4,Available
MENU000428,CN00000010,MON0000038,,250713.62,Out of stock
MENU000429,CN00000002,MON0000006,,344500.8,Discontinued
MENU000430,CN00000008,MON0000049,,416539.5,Out of stock
MENU000431,CN00000009,MON0000033,,404808.65,Available
MENU000432,CN00000008,,COMBO00004,498581.92,Out of stock
MENU000433,CN00000007,MON0000009,,414255.83,Out of stock
MENU000434,CN00000010,MON0000036,,273751.7,Out of stock
MENU000435,CN00000003,,COMBO00009,372245.02,Discontinued
MENU000436,CN00000001,,COMBO00001,175034.24,Out of stock
MENU000437,CN00000006,MON0000014,,205541.43,Available
MENU000438,CN00000007,,COMBO00003,453140.16,Out of stock
MENU000439,CN00000005,MON0000027,,411826.01,Out of stock
MENU000440,CN00000008,MON0000017,,217687.38,Discontinued
MENU000441,CN00000002,,COMBO00010,312249.93,Discontinued
MENU000442,CN00000002,MON0000031,,293940.63,Out of stock
MENU000443,CN00000006,,COMBO00003,453140.16,Discontinued
MENU000444,CN00000009,MON0000042,,334327.95,Discontinued
MENU000445,CN00000004,,COMBO00002,279510.72,Out of stock
MENU000446,CN00000009,MON0000031,,293940.63,Discontinued
MENU000447,CN00000008,,COMBO00006,282369.84,Discontinued
MENU000448,CN00000003,MON0000021,,290581.93,Discontinued
MENU000449,CN00000009,MON0000036,,273751.7,Out of stock
MENU000450,CN00000007,,COMBO00004,498581.92,Discontinued
MENU000451,CN00000007,,COMBO00002,279510.72,Out of stock
MENU000452,CN00000002,,COMBO00003,453140.16,Out of stock
MENU000453,CN00000002,MON0000046,,307698.18,Out of stock
MENU000454,CN00000003,MON0000041,,230358.37,Discontinued
MENU000455,CN00000010,,COMBO00005,464902.51,Discontinued
MENU000456,CN00000008,,COMBO00010,312249.93,Out of stock
MENU000457,CN00000003,,COMBO00006,282369.84,Available
MENU000458,CN00000008,,COMBO00001,175034.24,Available
MENU000459,CN00000004,,COMBO00005,464902.51,Out of stock
MENU000460,CN00000010,MON0000010,,383725.15,Out of stock
MENU000461,CN00000001,MON0000021,,290581.93,Available
MENU000462,CN00000003,MON0000050,,388203.3,Available
MENU000463,CN00000006,,COMBO00005,464902.51,Available
MENU000464,CN00000010,MON0000010,,383725.15,Out of stock
MENU000465,CN00000009,MON0000018,,198093.4,Out of stock
MENU000466,CN00000010,MON0000042,,334327.95,Out of stock
MENU000467,CN00000006,,COMBO00010,312249.93,Available
MENU000468,CN00000009,,COMBO00008,408180.03,Available
MENU000469,CN00000005,,COMBO00006,282369.84,Available
MENU000470,CN00000007,MON0000012,,308130.69,Available
MENU000471,CN00000004,,COMBO00001,175034.24,Available
MENU000472,CN00000004,MON0000025,,172607.49,Discontinued
MENU000473,CN00000010,,COMBO00008,408180.03,Out of stock
MENU000474,CN00000002,,COMBO00006,282369.84,Discontinued
MENU000475,CN00000009,,COMBO00009,372245.02,Available
MENU000476,CN00000007,,COMBO00009,372245.02,Out of stock
MENU000477,CN00000008,MON0000018,,198093.4,Out of stock
MENU000478,CN00000003,MON0000005,,205237.91,Out of stock
MENU000479,CN00000005,MON0000028,,370426.69,Out of stock
MENU000480,CN00000001,MON0000023,,357671.24,Available
MENU000481,CN00000007,MON0000016,,159137.69,Out of stock
MENU000482,CN00000009,MON0000031,,293940.63,Available
MENU000483,CN00000007,,COMBO00009,372245.02,Available
MENU000484,CN00000004,,COMBO00003,453140.16,Out of stock
MENU000485,CN00000009,,COMBO00001,175034.24,Out of stock
MENU000486,CN00000006,,COMBO00007,435640.4,Available
MENU000487,CN00000009,,COMBO00007,435640.4,Available
MENU000488,CN00000006,,COMBO00002,279510.72,Available
MENU000489,CN00000001,,COMBO00002,279510.72,Discontinued
MENU000490,CN00000002,MON0000017,,217687.38,Available
MENU000491,CN00000008,,COMBO00004,498581.92,Available
MENU000492,CN00000002,,COMBO00009,372245.02,Available
MENU000493,CN00000008,,COMBO00004,498581.92,Available
MENU000494,CN00000009,,COMBO00002,279510.72,Out of stock
MENU000495,CN00000004,,COMBO00004,498581.92,Out of stock
MENU000496,CN00000010,,COMBO00007,435640.4,Available
MENU000497,CN00000002,,COMBO00006,282369.84,Available
MENU000498,CN00000008,,COMBO00005,464902.51,Out of stock
MENU000499,CN00000009,,COMBO00002,279510.72,Out of stock
MENU000500,CN00000005,MON0000003,,453085.12,Available
MENU000501,CN00000007,,COMBO00002,279510.72,Discontinued
MENU000502,CN00000007,,COMBO00007,435640.4,Discontinued
MENU000503,CN00000010,,COMBO00004,498581.92,Available
MENU000504,CN00000001,MON0000003,,453085.12,Available
MENU000505,CN00000005,,COMBO00004,498581.92,Out of stock
MENU000506,CN00000001,MON0000015,,255293.36,Discontinued
MENU000507,CN00000002,MON0000015,,255293.36,Out of stock
MENU000508,CN00000008,,COMBO00006,282369.84,Available
MENU000509,CN00000007,MON0000027,,411826.01,Out of stock
MENU000510,CN00000002,,COMBO00001,175034.24,Discontinued
MENU000511,CN00000005,MON0000041,,230358.37,Out of stock
MENU000512,CN00000003,MON0000044,,294072.55,Out of stock
MENU000513,CN00000008,MON0000027,,411826.01,Out of stock
MENU000514,CN00000006,MON0000044,,294072.55,Discontinued
MENU000515,CN00000004,MON0000021,,290581.93,Available
MENU000516,CN00000004,,COMBO00009,372245.02,Discontinued
MENU000517,CN00000004,,COMBO00009,372245.02,Discontinued
MENU000518,CN00000005,,COMBO00009,372245.02,Available
MENU000519,CN00000003,MON0000046,,307698.18,Out of stock
MENU000520,CN00000004,,COMBO00002,279510.72,Out of stock
MENU000521,CN00000003,,COMBO00005,464902.51,Out of stock
MENU000522,CN00000005,MON0000039,,157859.07,Out of stock
MENU000523,CN00000004,MON0000008,,179454.8,Out of stock
MENU000524,CN00000008,MON0000028,,370426.69,Out of stock
MENU000525,CN00000010,MON0000045,,248008.53,Available
MENU000526,CN00000010,MON0000004,,232481.82,Discontinued
MENU000527,CN00000002,MON0000047,,334104.72,Discontinued
MENU000528,CN00000006,MON0000022,,345270.7,Out of stock
MENU000529,CN00000007,,COMBO00006,282369.84,Available
MENU000530,CN00000005,MON0000038,,250713.62,Available
MENU000531,CN00000006,,COMBO00005,464902.51,Out of stock
MENU000532,CN00000010,,COMBO00007,435640.4,Discontinued
MENU000533,CN00000001,,COMBO00003,453140.16,Discontinued
MENU000534,CN00000002,,COMBO00004,498581.92,Available
MENU000535,CN00000005,,COMBO00006,282369.84,Available
MENU000536,CN00000004,MON0000028,,370426.69,Available
MENU000537,CN00000001,MON0000004,,232481.82,Out of stock
MENU000538,CN00000006,MON0000004,,232481.82,Out of stock
MENU000539,CN00000010,MON0000031,,293940.63,Available
MENU000540,CN00000008,MON0000034,,274951.21,Out of stock
MENU000541,CN00000008,MON0000003,,453085.12,Out of stock
MENU000542,CN00000008,MON0000012,,308130.69,Out of stock
MENU000543,CN00000008,MON0000041,,230358.37,Out of stock
MENU000544,CN00000008,MON0000002,,226879.36,Out of stock
MENU000545,CN00000010,,COMBO00005,464902.51,Available
MENU000546,CN00000006,MON0000041,,230358.37,Discontinued
MENU000547,CN00000001,,COMBO00008,408180.03,Available
MENU000548,CN00000005,,COMBO00002,279510.72,Discontinued
MENU000549,CN00000006,MON0000032,,315115.42,Out of stock
MENU000550,CN00000003,MON0000027,,411826.01,Available
MENU000551,CN00000004,,COMBO00009,372245.02,Discontinued
MENU000552,CN00000002,,COMBO00002,279510.72,Out of stock
MENU000553,CN00000002,,COMBO00002,279510.72,Available
MENU000554,CN00000007,,COMBO00001,175034.24,Discontinued
MENU000555,CN00000010,MON0000025,,172607.49,Discontinued
MENU000556,CN00000005,,COMBO00001,175034.24,Out of stock
MENU000557,CN00000001,MON0000016,,159137.69,Out of stock
MENU000558,CN00000001,,COMBO00009,372245.02,Discontinued
MENU000559,CN00000008,,COMBO00010,312249.93,Discontinued
MENU000560,CN00000006,,COMBO00001,175034.24,Available
MENU000561,CN00000007,MON0000038,,250713.62,Discontinued
MENU000562,CN00000007,,COMBO00001,175034.24,Discontinued
MENU000563,CN00000009,MON0000008,,179454.8,Available
MENU000564,CN00000004,MON0000044,,294072.55,Discontinued
MENU000565,CN00000002,MON0000033,,404808.65,Out of stock
MENU000566,CN00000007,MON0000014,,205541.43,Available
MENU000567,CN00000004,MON0000015,,255293.36,Discontinued
MENU000568,CN00000006,MON0000035,,195458.64,Available
MENU000569,CN00000002,MON0000005,,205237.91,Discontinued
MENU000570,CN00000009,,COMBO00007,435640.4,Available
MENU000571,CN00000005,,COMBO00006,282369.84,Available
MENU000572,CN00000003,,COMBO00008,408180.03,Out of stock
MENU000573,CN00000001,MON0000018,,198093.4,Out of stock
MENU000574,CN00000002,,COMBO00008,408180.03,Out of stock
MENU000575,CN00000005,,COMBO00009,372245.02,Discontinued
MENU000576,CN00000002,,COMBO00002,279510.72,Discontinued
MENU000577,CN00000001,,COMBO00001,175034.24,Discontinued
MENU000578,CN00000006,,COMBO00004,498581.92,Available
MENU000579,CN00000001,MON0000048,,189569.76,Available
MENU000580,CN00000001,,COMBO00003,453140.16,Discontinued
MENU000581,CN00000007,MON0000017,,217687.38,Discontinued
MENU000582,CN00000005,,COMBO00006,282369.84,Available
MENU000583,CN00000010,MON0000006,,344500.8,Out of stock
MENU000584,CN00000001,,COMBO00010,312249.93,Out of stock
MENU000585,CN00000009,MON0000008,,179454.8,Out of stock
MENU000586,CN00000003,,COMBO00002,279510.72,Discontinued
MENU000587,CN00000004,,COMBO00001,175034.24,Out of stock
MENU000588,CN00000002,,COMBO00009,372245.02,Out of stock
MENU000589,CN00000009,MON0000014,,205541.43,Out of stock
MENU000590,CN00000003,,COMBO00008,408180.03,Available
MENU000591,CN00000001,,COMBO00003,453140.16,Discontinued
MENU000592,CN00000008,,COMBO00003,453140.16,Discontinued
MENU000593,CN00000010,,COMBO00010,312249.93,Discontinued
MENU000594,CN00000007,MON0000028,,370426.69,Discontinued
MENU000595,CN00000003,MON0000046,,307698.18,Out of stock
MENU000596,CN00000009,,COMBO00009,372245.02,Available
MENU000597,CN00000004,MON0000006,,344500.8,Discontinued
MENU000598,CN00000005,,COMBO00004,498581.92,Discontinued
MENU000599,CN00000005,,COMBO00008,408180.03,Discontinued
MENU000600,CN00000006,MON0000026,,212924.16,Available
